2017-07-09 19:19:49.751298,AWE1806,600.655,9.715909,None,27372.027,36.0731,-78.6072
2017-07-09 19:19:54.882374,AWE1806,600.655,9.715909,None,27372.027,36.0731,-78.6072
2017-07-09 19:19:59.999389,AWE1806,602.52484,4.784091,None,27530.117,36.0927,-78.5897
2017-07-09 19:20:05.120877,AWE1806,602.52484,4.784091,None,27530.117,36.0927,-78.5897
2017-07-09 19:20:11.994993,AWE1806,604.6824,6.5454545,None,27530.389,36.1124,-78.5723
2017-07-09 19:20:17.140409,AWE1806,604.6824,6.5454545,None,27530.389,36.1124,-78.5723
2017-07-09 19:20:23.810113,AWE1806,605.5454,9.704546,None,27675.875,36.1321,-78.5546
2017-07-09 19:20:28.923763,AWE1806,605.5454,9.704546,None,27675.875,36.1321,-78.5546
2017-07-09 19:20:34.085784,AWE1806,606.1207,8.840909,None,27842.777,36.1524,-78.5368
2017-07-09 19:20:39.243205,AWE1806,606.1207,8.840909,None,27842.777,36.1524,-78.5368
2017-07-09 19:20:44.385762,AWE1806,606.8399,9.488636,None,27981.152,36.1721,-78.5191
2017-07-09 19:20:49.554512,AWE1806,606.8399,9.488636,None,27981.152,36.1721,-78.5191
2017-07-09 19:20:54.687355,AWE1806,607.5591,9.193183,None,28176.443,36.1921,-78.5016
2017-07-09 19:20:59.809984,AWE1806,607.4153,11.59091,None,28331.668,36.2118,-78.4839
2017-07-09 19:21:04.938278,AWE1806,607.4153,11.59091,None,28331.668,36.2118,-78.4839
2017-07-09 19:21:12.000085,AWE1806,606.55225,13.272728,None,28513.504,36.2315,-78.4662
2017-07-09 19:21:17.206999,AWE1806,606.55225,13.272728,None,28513.504,36.2315,-78.4662
2017-07-09 19:21:22.356919,AWE1806,604.8262,14.318183,None,28634.383,36.2518,-78.4482
2017-07-09 19:21:29.012504,AWE1806,604.8262,14.318183,None,28634.383,36.2518,-78.4482
2017-07-09 19:21:34.167577,AWE1806,603.10016,14.21591,None,28851.008,36.2714,-78.4307
2017-07-09 19:21:39.284645,AWE1806,603.10016,14.21591,None,28851.008,36.2714,-78.4307
2017-07-09 19:21:44.543223,AWE1806,602.52484,10.886364,None,28976.965,36.2911,-78.413
2017-07-09 19:21:49.698321,AWE1806,602.381,11.045454,None,29140.836,36.3112,-78.3952
2017-07-09 19:21:54.854250,AWE1806,602.381,11.045454,None,29140.836,36.3112,-78.3952
2017-07-09 19:22:01.252523,AWE1806,601.3742,13.909091,None,29332.096,36.3308,-78.3777
2017-07-09 19:22:06.391865,AWE1806,601.3742,13.909091,None,29332.096,36.3308,-78.3777
2017-07-09 19:22:12.005636,AWE1806,598.78516,18.147726,None,29563.973,36.3503,-78.3602
2017-07-09 19:22:17.141517,AWE1806,598.78516,18.147726,None,29563.973,36.3503,-78.3602
2017-07-09 19:22:22.287798,AWE1806,595.6207,17.693182,None,29747.64,36.3697,-78.3426
2017-07-09 19:22:27.446256,AWE1806,595.6207,17.693182,None,29747.64,36.3697,-78.3426
2017-07-09 19:22:34.126039,AWE1806,594.0386,11.363636,None,30058.223,36.3895,-78.325
2017-07-09 19:22:39.261735,AWE1806,594.0386,11.363636,None,30058.223,36.3895,-78.325
2017-07-09 19:22:44.409996,AWE1806,594.4701,8.556819,None,30216.984,36.4089,-78.308
2017-07-09 19:22:49.547609,AWE1806,594.4701,8.556819,None,30216.984,36.4089,-78.308
2017-07-09 19:22:54.687945,AWE1806,595.0454,8.784091,None,30355.693,36.4283,-78.2903
2017-07-09 19:22:59.805570,AWE1806,595.33307,9.181818,None,30458.059,36.4477,-78.2728
2017-07-09 19:23:04.942620,AWE1806,595.33307,9.181818,None,30458.059,36.4477,-78.2728
2017-07-09 19:23:11.952448,AWE1806,595.7646,9.738636,None,30672.182,36.4674,-78.2551
2017-07-09 19:23:17.110076,AWE1806,595.7646,9.738636,None,30672.182,36.4674,-78.2551
2017-07-09 19:23:22.232200,AWE1806,596.7714,6.636364,None,30863.176,36.4868,-78.2376
2017-07-09 19:23:27.382435,AWE1806,596.7714,6.636364,None,30863.176,36.4868,-78.2376
2017-07-09 19:23:32.532405,AWE1806,597.7783,9.954545,None,30980.3,36.5064,-78.2201
2017-07-09 19:23:39.189239,AWE1806,597.7783,9.954545,None,30980.3,36.5064,-78.2201
2017-07-09 19:23:44.342244,AWE1806,598.35364,8.829546,None,31118.443,36.5258,-78.2026
2017-07-09 19:23:49.504437,AWE1806,598.35364,8.829546,None,31118.443,36.5258,-78.2026
2017-07-09 19:23:54.650019,AWE1806,599.0728,8.875,None,31245.568,36.5453,-78.1851
2017-07-09 19:23:59.796471,AWE1806,599.0728,8.875,None,31245.568,36.5453,-78.1851
2017-07-09 19:24:04.947489,AWE1806,599.792,8.602273,None,31480.982,36.5652,-78.1672
2017-07-09 19:24:11.984854,AWE1806,601.23035,6.375,None,31504.336,36.5846,-78.1495
2017-07-09 19:24:17.106397,AWE1806,601.23035,6.375,None,31504.336,36.5846,-78.1495
2017-07-09 19:24:22.268351,AWE1806,602.95636,6.375,None,31593.46,36.6044,-78.1318
2017-07-09 19:24:27.414254,AWE1806,602.95636,6.375,None,31593.46,36.6044,-78.1318
2017-07-09 19:24:32.584496,AWE1806,604.25085,7.409091,None,31648.154,36.624,-78.1142
2017-07-09 19:24:37.705647,AWE1806,604.25085,7.409091,None,31648.154,36.624,-78.1142
2017-07-09 19:24:44.361800,AWE1806,604.3947,9.511363,None,31778.404,36.6437,-78.0965
2017-07-09 19:24:49.514238,AWE1806,604.3947,9.511363,None,31778.404,36.6437,-78.0965
2017-07-09 19:24:54.650901,AWE1806,604.8262,7.806818,None,31856.463,36.6636,-78.0783
2017-07-09 19:24:59.767251,AWE1806,604.8262,7.806818,None,31856.463,36.6636,-78.0783
2017-07-09 19:25:04.873741,AWE1806,605.40155,7.8750005,None,31967.088,36.6833,-78.0606
2017-07-09 19:25:11.810343,AWE1806,605.97687,7.670455,None,32074.174,36.7031,-78.0428
2017-07-09 19:25:16.952299,AWE1806,605.97687,7.670455,None,32074.174,36.7031,-78.0428
2017-07-09 19:25:22.059033,AWE1806,606.4084,9.000001,None,32179.9,36.7228,-78.0249
2017-07-09 19:25:27.169014,AWE1806,606.4084,9.000001,None,32179.9,36.7228,-78.0249
2017-07-09 19:25:32.294067,AWE1806,605.83307,10.863637,None,32429.73,36.7424,-78.007
2017-07-09 19:25:37.428632,AWE1806,605.83307,10.863637,None,32429.73,36.7424,-78.007
2017-07-09 19:25:42.581895,AWE1806,604.97003,10.943183,None,32652.557,36.7625,-77.9889
2017-07-09 19:25:49.269562,AWE1806,604.97003,10.943183,None,32652.557,36.7625,-77.9889
2017-07-09 19:25:54.429890,AWE1806,604.5385,10.386363,None,32835.547,36.7821,-77.971
2017-07-09 19:25:59.567707,AWE1806,604.5385,10.386363,None,32835.547,36.7821,-77.971
2017-07-09 19:26:04.688290,AWE1806,604.5385,8.886364,None,32948.797,36.8018,-77.9531
2017-07-09 19:26:09.844145,AWE1806,604.5385,8.886364,None,32948.797,36.8018,-77.9531
2017-07-09 19:26:14.948876,AWE1806,604.8262,8.784091,None,32995.44,36.8214,-77.9353
2017-07-09 19:26:20.094064,AWE1806,605.83307,5.7727275,None,33157.3,36.8414,-77.9169
2017-07-09 19:26:25.228109,AWE1806,605.83307,5.7727275,None,33157.3,36.8414,-77.9169
2017-07-09 19:26:30.333463,AWE1806,607.12756,7.2045455,None,33192.35,36.8612,-77.8991
2017-07-09 19:26:35.484438,AWE1806,607.12756,7.2045455,None,33192.35,36.8612,-77.8991
2017-07-09 19:26:40.643201,AWE1806,607.9906,6.6022725,None,33300.09,36.8809,-77.8812
2017-07-09 19:26:45.777563,AWE1806,607.9906,6.6022725,None,33300.09,36.8809,-77.8812
2017-07-09 19:26:52.443240,AWE1806,608.99744,8.431818,None,33424.36,36.9007,-77.8632
2017-07-09 19:26:57.558975,AWE1806,608.99744,8.431818,None,33424.36,36.9007,-77.8632
2017-07-09 19:27:03.220670,AWE1806,608.4221,11.488637,None,33619.543,36.9204,-77.8452
2017-07-09 19:27:08.341091,AWE1806,608.4221,11.488637,None,33619.543,36.9204,-77.8452
2017-07-09 19:27:13.462618,AWE1806,607.9906,10.556818,None,33782.043,36.9405,-77.8268
2017-07-09 19:27:18.583529,AWE1806,607.9906,10.556818,None,33782.043,36.9405,-77.8268
2017-07-09 19:27:23.694666,AWE1806,607.9906,8.022728,None,33911.992,36.9602,-77.8088
2017-07-09 19:27:28.828349,AWE1806,607.9906,8.022728,None,33911.992,36.9602,-77.8088
2017-07-09 19:27:33.941359,AWE1806,608.85364,6.431818,None,34014.742,36.98,-77.7908
2017-07-09 19:27:39.140470,AWE1806,608.85364,6.431818,None,34014.742,36.98,-77.7908
2017-07-09 19:27:44.248119,AWE1806,610.7234,1.9318182,None,34137.64,36.9997,-77.7727
2017-07-09 19:27:49.356132,AWE1806,610.7234,1.9318182,None,34137.64,36.9997,-77.7727
2017-07-09 19:27:56.005314,AWE1806,612.881,6.0113635,None,34110.316,37.02,-77.7542
2017-07-09 19:28:01.086386,AWE1806,612.3056,11.488637,None,34243.84,37.0399,-77.736
2017-07-09 19:28:06.180049,AWE1806,612.3056,11.488637,None,34243.84,37.0399,-77.736
2017-07-09 19:28:11.900059,AWE1806,610.86725,11.159092,None,34416.94,37.0598,-77.7178
2017-07-09 19:28:17.018612,AWE1806,610.86725,11.159092,None,34416.94,37.0598,-77.7178
2017-07-09 19:28:22.145057,AWE1806,610.29193,10.227273,None,34564.94,37.0795,-77.6996
2017-07-09 19:28:27.254624,AWE1806,610.29193,10.227273,None,34564.94,37.0795,-77.6996
2017-07-09 19:28:32.368116,AWE1806,609.42896,9.659091,None,34813.996,37.0993,-77.6816
2017-07-09 19:28:37.491926,AWE1806,609.42896,9.659091,None,34813.996,37.0993,-77.6816
2017-07-09 19:28:42.609032,AWE1806,608.85364,8.352273,None,34926.25,37.1194,-77.663
2017-07-09 19:28:47.716410,AWE1806,608.85364,8.352273,None,34926.25,37.1194,-77.663
2017-07-09 19:28:52.995251,AWE1806,608.85364,6.931818,None,35013.715,37.1391,-77.645
2017-07-09 19:28:59.630222,AWE1806,608.85364,6.931818,None,35013.715,37.1391,-77.645
2017-07-09 19:29:04.756243,AWE1806,609.1413,6.6818185,None,35062.695,37.1589,-77.6268
2017-07-09 19:29:09.839415,AWE1806,609.1413,6.6818185,None,35062.695,37.1589,-77.6268
2017-07-09 19:29:15.161084,AWE1806,609.2851,7.625,None,35222.48,37.1786,-77.6086
2017-07-09 19:29:20.614540,AWE1806,609.1413,7.6818185,None,35307.746,37.1987,-77.5901
2017-07-09 19:29:25.722792,AWE1806,609.1413,7.6818185,None,35307.746,37.1987,-77.5901
2017-07-09 19:29:30.814807,AWE1806,609.42896,6.409091,None,35478.242,37.2184,-77.5721
2017-07-09 19:29:35.923200,AWE1806,609.42896,6.409091,None,35478.242,37.2184,-77.5721
2017-07-09 19:29:41.015197,AWE1806,610.29193,5.0,None,35563.992,37.2382,-77.5539
2017-07-09 19:29:46.100280,AWE1806,610.29193,5.0,None,35563.992,37.2382,-77.5539
2017-07-09 19:29:51.195372,AWE1806,610.7234,6.9204545,None,35591.13,37.2581,-77.5357
2017-07-09 19:29:56.291487,AWE1806,610.7234,6.9204545,None,35591.13,37.2581,-77.5357
2017-07-09 19:30:01.385961,AWE1806,610.29193,8.965909,None,35765.85,37.2782,-77.517
2017-07-09 19:30:06.507395,AWE1806,610.29193,8.965909,None,35765.85,37.2782,-77.517
2017-07-09 19:30:11.968260,AWE1806,609.5728,9.181818,None,35902.617,37.2979,-77.4988
2017-07-09 19:30:17.072293,AWE1806,609.5728,9.181818,None,35902.617,37.2979,-77.4988
2017-07-09 19:30:22.202927,AWE1806,608.85364,8.568182,None,36132.45,37.3176,-77.4806
2017-07-09 19:30:27.288171,AWE1806,608.85364,8.568182,None,36132.45,37.3176,-77.4806
2017-07-09 19:30:32.384290,AWE1806,608.7098,5.579546,None,36240.824,37.3374,-77.4624
2017-07-09 19:30:37.475970,AWE1806,608.7098,5.579546,None,36240.824,37.3374,-77.4624
2017-07-09 19:30:42.597500,AWE1806,609.5728,2.2386363,None,36301.7,37.3571,-77.4442
2017-07-09 19:30:47.707441,AWE1806,609.5728,2.2386363,None,36301.7,37.3571,-77.4442
2017-07-09 19:30:52.808875,AWE1806,611.4426,0.47727272,None,36323.574,37.3772,-77.4256
2017-07-09 19:30:57.932348,AWE1806,611.4426,0.47727272,None,36323.574,37.3772,-77.4256
2017-07-09 19:31:04.538314,AWE1806,613.4563,1.5795455,None,36336.574,37.3971,-77.4073
2017-07-09 19:31:09.630665,AWE1806,613.4563,1.5795455,None,36336.574,37.3971,-77.4073
2017-07-09 19:31:14.754182,AWE1806,614.1755,5.022727,None,36381.953,37.4169,-77.3889
2017-07-09 19:31:19.867925,AWE1806,614.1755,5.022727,None,36381.953,37.4169,-77.3889
2017-07-09 19:31:24.972813,AWE1806,613.4563,7.965909,None,36491.85,37.4368,-77.3705
2017-07-09 19:31:30.070537,AWE1806,613.4563,7.965909,None,36491.85,37.4368,-77.3705
2017-07-09 19:31:35.195982,AWE1806,611.5864,9.943182,None,36605.824,37.4565,-77.352
2017-07-09 19:31:40.293234,AWE1806,611.5864,9.943182,None,36605.824,37.4565,-77.352
2017-07-09 19:31:45.422202,AWE1806,608.7098,12.170455,None,36764.08,37.4766,-77.3333
2017-07-09 19:31:50.533493,AWE1806,607.84674,4.590909,None,36872.152,37.4963,-77.3151
2017-07-09 19:31:55.661208,AWE1806,607.84674,4.590909,None,36872.152,37.4963,-77.3151
2017-07-09 19:32:00.738512,AWE1806,607.5591,-0.8295455,None,36890.277,37.5161,-77.2969
2017-07-09 19:32:07.382769,AWE1806,607.5591,-0.8295455,None,36890.277,37.5161,-77.2969
2017-07-09 19:32:12.494477,AWE1806,605.1139,0.4431818,None,36900.074,37.5358,-77.279
2017-07-09 19:32:18.481660,AWE1806,605.1139,0.4431818,None,36900.074,37.5358,-77.279
2017-07-09 19:32:23.601342,AWE1806,603.81934,-0.07954546,None,36912.574,37.5559,-77.2608
2017-07-09 19:32:28.690937,AWE1806,603.81934,-0.07954546,None,36912.574,37.5559,-77.2608
2017-07-09 19:32:33.792297,AWE1806,602.8125,-0.6818182,None,36910.58,37.5753,-77.2435
2017-07-09 19:32:38.881645,AWE1806,602.8125,-0.6818182,None,36910.58,37.5753,-77.2435
2017-07-09 19:32:43.986450,AWE1806,603.244,-0.3068182,None,36911.453,37.5954,-77.2253
2017-07-09 19:32:49.093067,AWE1806,603.244,-0.3068182,None,36911.453,37.5954,-77.2253
2017-07-09 19:32:54.208465,AWE1806,603.9632,-0.5113636,None,36904.7,37.615,-77.2075
2017-07-09 19:32:59.317974,AWE1806,603.9632,-0.5113636,None,36904.7,37.615,-77.2075
2017-07-09 19:33:04.412106,AWE1806,604.107,0.39772728,None,36897.95,37.6347,-77.1896
2017-07-09 19:33:11.040854,AWE1806,604.6824,0.13636364,None,36903.703,37.6544,-77.1716
2017-07-09 19:33:17.590616,AWE1806,604.6824,0.13636364,None,36903.703,37.6544,-77.1716
2017-07-09 19:33:22.764519,AWE1806,604.6824,0.13636364,None,36903.703,37.6544,-77.1716
2017-07-09 19:33:27.892553,AWE1806,604.6824,0.13636364,None,36903.703,37.6544,-77.1716
2017-07-09 19:33:32.996268,AWE1806,605.40155,0.35227275,None,36903.95,37.6745,-77.1534
2017-07-09 19:33:38.107249,AWE1806,605.40155,0.35227275,None,36903.95,37.6745,-77.1534
2017-07-09 19:33:43.215444,AWE1806,605.83307,0.056818184,None,36901.074,37.6943,-77.1354
2017-07-09 19:33:48.329863,AWE1806,605.83307,0.056818184,None,36901.074,37.6943,-77.1354
2017-07-09 19:33:53.447097,AWE1806,605.5454,0.23863636,None,36899.824,37.714,-77.1173
2017-07-09 19:33:58.566528,AWE1806,605.5454,0.23863636,None,36899.824,37.714,-77.1173
2017-07-09 19:34:03.673410,AWE1806,604.97003,0.38636366,None,36905.074,37.7337,-77.0995
2017-07-09 19:34:08.789783,AWE1806,604.97003,0.38636366,None,36905.074,37.7337,-77.0995
2017-07-09 19:34:15.407536,AWE1806,605.40155,-0.5340909,None,36920.176,37.7533,-77.0815
2017-07-09 19:34:20.634751,AWE1806,605.83307,-0.9318182,None,36908.55,37.7736,-77.0631
2017-07-09 19:34:25.724636,AWE1806,605.83307,-0.9318182,None,36908.55,37.7736,-77.0631
2017-07-09 19:34:30.836352,AWE1806,605.97687,0.022727273,None,36889.2,37.7931,-77.0451
2017-07-09 19:34:35.924501,AWE1806,605.97687,0.022727273,None,36889.2,37.7931,-77.0451
2017-07-09 19:34:41.051082,AWE1806,606.4084,-0.20454545,None,36889.824,37.8129,-77.027
2017-07-09 19:34:46.183493,AWE1806,606.4084,-0.20454545,None,36889.824,37.8129,-77.027
2017-07-09 19:34:51.330664,AWE1806,607.12756,-0.4090909,None,36876.69,37.8326,-77.0088
2017-07-09 19:34:56.443532,AWE1806,607.12756,-0.4090909,None,36876.69,37.8326,-77.0088
2017-07-09 19:35:01.609901,AWE1806,607.2714,0.2159091,None,36861.36,37.8524,-76.9908
2017-07-09 19:35:06.740995,AWE1806,607.2714,0.2159091,None,36861.36,37.8524,-76.9908
2017-07-09 19:35:11.870765,AWE1806,607.5591,0.3409091,None,36878.324,37.8723,-76.9728
2017-07-09 19:35:18.617663,AWE1806,607.5591,0.3409091,None,36878.324,37.8723,-76.9728
2017-07-09 19:35:23.782459,AWE1806,607.9906,0.3409091,None,36882.7,37.8924,-76.9543
2017-07-09 19:35:28.944501,AWE1806,607.9906,0.3409091,None,36882.7,37.8924,-76.9543
2017-07-09 19:35:34.101979,AWE1806,608.13446,0.27272728,None,36886.08,37.9121,-76.9361
2017-07-09 19:35:39.265752,AWE1806,608.13446,0.27272728,None,36886.08,37.9121,-76.9361
2017-07-09 19:35:44.414110,AWE1806,607.84674,0.8181818,None,36893.58,37.9318,-76.9179
2017-07-09 19:35:49.533156,AWE1806,607.84674,0.8181818,None,36893.58,37.9318,-76.9179
2017-07-09 19:35:54.679637,AWE1806,607.9906,0.32954547,None,36905.426,37.9518,-76.8997
2017-07-09 19:35:59.834142,AWE1806,607.9906,0.32954547,None,36905.426,37.9518,-76.8997
2017-07-09 19:36:04.985454,AWE1806,607.9906,-0.2159091,None,36996.977,37.9718,-76.8811
2017-07-09 19:36:10.138323,AWE1806,607.9906,-0.2159091,None,36996.977,37.9718,-76.8811
2017-07-09 19:36:15.277650,AWE1806,607.5591,0.4318182,None,36964.65,37.9916,-76.8631
2017-07-09 19:36:21.921203,AWE1806,607.12756,0.36363637,None,37005.438,38.0113,-76.8449
2017-07-09 19:36:27.067877,AWE1806,607.12756,0.36363637,None,37005.438,38.0113,-76.8449
2017-07-09 19:36:32.199728,AWE1806,607.12756,0.06818182,None,36946.965,38.0311,-76.8267
2017-07-09 19:36:37.374517,AWE1806,607.12756,0.06818182,None,36946.965,38.0311,-76.8267
2017-07-09 19:36:42.511913,AWE1806,606.98376,-0.15909092,None,36940.902,38.0508,-76.8085
2017-07-09 19:36:47.598894,AWE1806,606.98376,-0.15909092,None,36940.902,38.0508,-76.8085
2017-07-09 19:36:52.701662,AWE1806,606.8399,-0.75,None,36937.277,38.0709,-76.7898
2017-07-09 19:36:57.835603,AWE1806,606.8399,-0.75,None,36937.277,38.0709,-76.7898
2017-07-09 19:37:02.945070,AWE1806,606.4084,-0.09090909,None,36911.203,38.0906,-76.7718
2017-07-09 19:37:08.066939,AWE1806,606.4084,-0.09090909,None,36911.203,38.0906,-76.7718
2017-07-09 19:37:13.191813,AWE1806,606.2646,-0.06818182,None,36907.45,38.1104,-76.7536
2017-07-09 19:37:18.287007,AWE1806,606.2646,-0.06818182,None,36907.45,38.1104,-76.7536
2017-07-09 19:37:28.926075,AWE1806,606.2646,-0.17045455,None,36907.39,38.1299,-76.7354
2017-07-09 19:37:34.040073,AWE1806,606.1207,0.28409094,None,36998.594,38.15,-76.7167
2017-07-09 19:37:39.131544,AWE1806,606.1207,0.28409094,None,36998.594,38.15,-76.7167
2017-07-09 19:37:44.243249,AWE1806,606.4084,0.09090909,None,36975.55,38.1694,-76.6988
2017-07-09 19:37:49.368407,AWE1806,606.4084,0.09090909,None,36975.55,38.1694,-76.6988
2017-07-09 19:37:54.499327,AWE1806,606.98376,-0.4431818,None,36992.92,38.1895,-76.6803
2017-07-09 19:37:59.634474,AWE1806,606.98376,-0.4431818,None,36992.92,38.1895,-76.6803
2017-07-09 19:38:04.740888,AWE1806,607.4153,-0.375,None,36989.297,38.2091,-76.6621
2017-07-09 19:38:09.864743,AWE1806,607.4153,-0.375,None,36989.297,38.2091,-76.6621
2017-07-09 19:38:14.972625,AWE1806,607.70294,-0.2159091,None,36994.47,38.2288,-76.6437
2017-07-09 19:38:20.102797,AWE1806,607.70294,-0.2159091,None,36994.47,38.2288,-76.6437
2017-07-09 19:38:25.192177,AWE1806,607.70294,-0.07954546,None,36992.344,38.2486,-76.6255
2017-07-09 19:38:31.797911,AWE1806,607.9906,0.125,None,36940.895,38.2686,-76.6068
2017-07-09 19:38:36.923559,AWE1806,607.9906,0.125,None,36940.895,38.2686,-76.6068
2017-07-09 19:38:42.028723,AWE1806,608.5659,-0.022727273,None,36943.945,38.2884,-76.5884
2017-07-09 19:38:47.135941,AWE1806,608.5659,-0.022727273,None,36943.945,38.2884,-76.5884
2017-07-09 19:38:52.234368,AWE1806,609.1413,0.22727273,None,36896.375,38.3081,-76.5701
2017-07-09 19:38:57.330899,AWE1806,609.1413,0.22727273,None,36896.375,38.3081,-76.5701
2017-07-09 19:39:02.437647,AWE1806,609.71655,-0.0,None,36899.074,38.3279,-76.5517
2017-07-09 19:39:07.552450,AWE1806,609.71655,-0.0,None,36899.074,38.3279,-76.5517
2017-07-09 19:39:12.685478,AWE1806,610.1481,0.27272728,None,36899.574,38.3481,-76.5328
2017-07-09 19:39:17.768123,AWE1806,610.1481,0.27272728,None,36899.574,38.3481,-76.5328
2017-07-09 19:39:23.096102,AWE1806,610.29193,0.32954547,None,36999.594,38.3679,-76.5145
2017-07-09 19:39:28.292503,AWE1806,610.29193,0.32954547,None,36999.594,38.3679,-76.5145
2017-07-09 19:39:35.934061,AWE1806,610.4357,0.26136363,None,37003.594,38.3876,-76.4959
2017-07-09 19:39:41.058117,AWE1806,610.4357,0.23863636,None,36968.75,38.4073,-76.4775
2017-07-09 19:39:46.186166,AWE1806,610.4357,0.23863636,None,36968.75,38.4073,-76.4775
2017-07-09 19:39:51.293305,AWE1806,610.1481,0.4090909,None,36963.29,38.4276,-76.4587
2017-07-09 19:39:56.417954,AWE1806,610.1481,0.4090909,None,36963.29,38.4276,-76.4587
2017-07-09 19:40:01.589593,AWE1806,610.0042,0.011363637,None,36952.777,38.4473,-76.4401
2017-07-09 19:40:06.698017,AWE1806,610.0042,0.011363637,None,36952.777,38.4473,-76.4401
2017-07-09 19:40:11.857272,AWE1806,609.5728,0.75,None,36973.43,38.4671,-76.4218
2017-07-09 19:40:17.667146,AWE1806,609.5728,0.75,None,36973.43,38.4671,-76.4218
2017-07-09 19:40:22.809285,AWE1806,609.71655,0.03409091,None,36980.305,38.4868,-76.4032
2017-07-09 19:40:27.910654,AWE1806,609.71655,0.03409091,None,36980.305,38.4868,-76.4032
2017-07-09 19:40:33.204897,AWE1806,609.71655,-0.3409091,None,36973.305,38.5069,-76.3843
2017-07-09 19:40:39.813944,AWE1806,609.71655,-0.3409091,None,36973.305,38.5069,-76.3843
2017-07-09 19:40:45.131866,AWE1806,609.42896,0.07954546,None,37023.875,38.5263,-76.3663
2017-07-09 19:40:50.243745,AWE1806,609.42896,0.07954546,None,37023.875,38.5263,-76.3663
2017-07-09 19:40:55.361728,AWE1806,609.42896,-0.39772728,None,37022.625,38.5464,-76.3474
2017-07-09 19:41:00.460925,AWE1806,609.42896,-0.39772728,None,37022.625,38.5464,-76.3474
2017-07-09 19:41:05.570863,AWE1806,609.5728,-0.5113636,None,37012.47,38.5661,-76.3289
2017-07-09 19:41:10.686419,AWE1806,609.5728,-0.5113636,None,37012.47,38.5661,-76.3289
2017-07-09 19:41:17.522323,AWE1806,609.71655,-0.22727273,None,37006.473,38.5864,-76.31
2017-07-09 19:41:22.614397,AWE1806,609.71655,-0.57954544,None,37001.47,38.6056,-76.2918
2017-07-09 19:41:27.724886,AWE1806,609.71655,-0.57954544,None,37001.47,38.6056,-76.2918
2017-07-09 19:41:32.851831,AWE1806,609.71655,-0.4431818,None,37001.0,38.6259,-76.2729
2017-07-09 19:41:37.966871,AWE1806,609.71655,-0.4431818,None,37001.0,38.6259,-76.2729
2017-07-09 19:41:44.581084,AWE1806,609.8604,-0.10227273,None,36999.88,38.6456,-76.2544
2017-07-09 19:41:49.694793,AWE1806,609.8604,-0.10227273,None,36999.88,38.6456,-76.2544
2017-07-09 19:41:54.824336,AWE1806,610.1481,-0.2159091,None,36992.97,38.6654,-76.2358
2017-07-09 19:41:59.920300,AWE1806,610.1481,-0.2159091,None,36992.97,38.6654,-76.2358
2017-07-09 19:42:05.048262,AWE1806,610.1481,-0.13636364,None,36993.344,38.6849,-76.2171
2017-07-09 19:42:10.160571,AWE1806,610.1481,-0.13636364,None,36993.344,38.6849,-76.2171
2017-07-09 19:42:15.248787,AWE1806,610.1481,0.125,None,36996.848,38.7052,-76.1986
2017-07-09 19:42:20.364833,AWE1806,610.1481,0.125,None,36996.848,38.7052,-76.1986
2017-07-09 19:42:25.485541,AWE1806,610.1481,0.13636364,None,36998.348,38.7249,-76.1795
2017-07-09 19:42:30.620494,AWE1806,610.1481,0.13636364,None,36998.348,38.7249,-76.1795
2017-07-09 19:42:35.730659,AWE1806,610.4357,-0.0,None,37004.094,38.7447,-76.161
2017-07-09 19:42:40.855890,AWE1806,610.4357,-0.0,None,37004.094,38.7447,-76.161
2017-07-09 19:42:47.496094,AWE1806,610.7234,-0.3068182,None,36995.47,38.7644,-76.1425
2017-07-09 19:42:52.615504,AWE1806,610.4357,0.47727272,None,36989.844,38.7841,-76.1238
2017-07-09 19:42:57.729264,AWE1806,610.4357,0.47727272,None,36989.844,38.7841,-76.1238
2017-07-09 19:43:02.838731,AWE1806,609.5728,1.2272727,None,36998.098,38.8042,-76.1047
2017-07-09 19:43:07.950710,AWE1806,609.5728,1.2272727,None,36998.098,38.8042,-76.1047
2017-07-09 19:43:13.030561,AWE1806,609.2851,0.5113636,None,37009.594,38.8238,-76.086
2017-07-09 19:43:18.147213,AWE1806,609.2851,0.5113636,None,37009.594,38.8238,-76.086
2017-07-09 19:43:23.228742,AWE1806,609.2851,0.17045455,None,37000.61,38.8435,-76.0674
2017-07-09 19:43:28.336711,AWE1806,609.2851,0.17045455,None,37000.61,38.8435,-76.0674
2017-07-09 19:43:33.458804,AWE1806,608.85364,-0.022727273,None,36969.934,38.8633,-76.0487
2017-07-09 19:43:38.567869,AWE1806,608.85364,-0.022727273,None,36969.934,38.8633,-76.0487
2017-07-09 19:43:43.684837,AWE1806,608.27826,-0.09090909,None,36974.305,38.8834,-76.0297
2017-07-09 19:43:54.311060,AWE1806,607.9906,-0.19318183,None,36981.74,38.9026,-76.0115
2017-07-09 19:43:59.415423,AWE1806,607.9906,-0.19318183,None,36981.74,38.9026,-76.0115
2017-07-09 19:44:04.497442,AWE1806,608.13446,-1.0681818,None,36976.16,38.9225,-75.9924
2017-07-09 19:44:09.577901,AWE1806,608.13446,-1.0681818,None,36976.16,38.9225,-75.9924
2017-07-09 19:44:14.687050,AWE1806,607.70294,0.10227273,None,36952.332,38.9422,-75.9739
2017-07-09 19:44:19.772080,AWE1806,607.70294,0.10227273,None,36952.332,38.9422,-75.9739
2017-07-09 19:44:24.869339,AWE1806,607.4153,-0.056818184,None,36954.344,38.9618,-75.9552
2017-07-09 19:44:29.965899,AWE1806,607.4153,-0.056818184,None,36954.344,38.9618,-75.9552
2017-07-09 19:44:35.078105,AWE1806,606.98376,-0.06818182,None,36963.86,38.9814,-75.9366
2017-07-09 19:44:40.187136,AWE1806,606.98376,-0.06818182,None,36963.86,38.9814,-75.9366
2017-07-09 19:44:45.280084,AWE1806,606.1207,0.25,None,36957.164,39.0009,-75.9179
2017-07-09 19:44:50.402714,AWE1806,606.1207,0.25,None,36957.164,39.0009,-75.9179
2017-07-09 19:44:55.500712,AWE1806,605.6892,0.11363637,None,36963.883,39.0209,-75.8989
2017-07-09 19:45:02.113819,AWE1806,605.5454,-0.36363637,None,36965.1,39.0404,-75.8803
2017-07-09 19:45:07.212101,AWE1806,605.5454,-0.36363637,None,36965.1,39.0404,-75.8803
2017-07-09 19:45:12.322968,AWE1806,605.6892,-0.90909094,None,36958.113,39.06,-75.8616
2017-07-09 19:45:17.443237,AWE1806,605.6892,-0.90909094,None,36958.113,39.06,-75.8616
2017-07-09 19:45:22.549635,AWE1806,605.97687,-1.0227273,None,36946.82,39.0796,-75.8431
2017-07-09 19:45:27.661354,AWE1806,605.97687,-1.0227273,None,36946.82,39.0796,-75.8431
2017-07-09 19:45:32.754167,AWE1806,605.97687,-0.57954544,None,36932.426,39.0995,-75.824
2017-07-09 19:45:37.867894,AWE1806,605.97687,-0.57954544,None,36932.426,39.0995,-75.824
2017-07-09 19:45:43.128813,AWE1806,605.83307,-0.375,None,36929.82,39.1191,-75.8053
2017-07-09 19:45:48.315076,AWE1806,605.83307,-0.375,None,36929.82,39.1191,-75.8053
2017-07-09 19:45:53.402683,AWE1806,605.83307,0.23863636,None,36923.695,39.1386,-75.7866
2017-07-09 19:45:58.833634,AWE1806,605.83307,0.23863636,None,36923.695,39.1386,-75.7866
2017-07-09 19:46:06.482829,AWE1806,606.55225,-0.3409091,None,36917.434,39.158,-75.7679
2017-07-09 19:46:11.598928,AWE1806,607.2714,-0.45454547,None,36911.945,39.1781,-75.7488
2017-07-09 19:46:17.604431,AWE1806,607.2714,-0.45454547,None,36911.945,39.1781,-75.7488
2017-07-09 19:46:22.722069,AWE1806,607.12756,0.65909094,None,36911.82,39.1972,-75.7303
2017-07-09 19:46:27.855703,AWE1806,607.12756,0.65909094,None,36911.82,39.1972,-75.7303
2017-07-09 19:46:32.941775,AWE1806,605.40155,0.57954544,None,36924.57,39.2172,-75.7116
2017-07-09 19:46:38.038187,AWE1806,605.40155,0.57954544,None,36924.57,39.2172,-75.7116
2017-07-09 19:46:43.182398,AWE1806,596.1961,1.4204545,None,36932.82,39.2378,-75.6951
2017-07-09 19:46:48.289840,AWE1806,596.1961,1.4204545,None,36932.82,39.2378,-75.6951
2017-07-09 19:46:53.401335,AWE1806,582.38794,0.87500006,None,36952.44,39.2595,-75.6814
2017-07-09 19:46:58.531251,AWE1806,582.38794,0.87500006,None,36952.44,39.2595,-75.6814
2017-07-09 19:47:03.738289,AWE1806,569.5866,-0.0,None,36968.816,39.2808,-75.6711
2017-07-09 19:47:11.340480,AWE1806,557.6483,-1.3636364,None,36967.086,39.3031,-75.6634
2017-07-09 19:47:16.469463,AWE1806,557.6483,-1.3636364,None,36967.086,39.3031,-75.6634
2017-07-09 19:47:21.568575,AWE1806,548.7305,-0.23863636,None,36954.82,39.3249,-75.6586
2017-07-09 19:47:26.686436,AWE1806,548.7305,-0.23863636,None,36954.82,39.3249,-75.6586
2017-07-09 19:47:31.777245,AWE1806,543.121,0.20454545,None,36951.94,39.3467,-75.6546
2017-07-09 19:47:36.872726,AWE1806,543.121,0.20454545,None,36951.94,39.3467,-75.6546
2017-07-09 19:47:41.974876,AWE1806,539.5251,-0.4318182,None,36959.605,39.3683,-75.6508
2017-07-09 19:47:47.090186,AWE1806,539.5251,-0.4318182,None,36959.605,39.3683,-75.6508
2017-07-09 19:47:52.221299,AWE1806,536.3607,-0.0,None,36961.414,39.3901,-75.6469
2017-07-09 19:47:57.317481,AWE1806,536.3607,-0.0,None,36961.414,39.3901,-75.6469
2017-07-09 19:48:02.421561,AWE1806,534.92236,-0.42045456,None,36959.035,39.4114,-75.6429
2017-07-09 19:48:07.545704,AWE1806,534.92236,-0.42045456,None,36959.035,39.4114,-75.6429
2017-07-09 19:48:14.166171,AWE1806,534.6347,-0.06818182,None,36955.79,39.4327,-75.639
2017-07-09 19:48:21.276473,AWE1806,534.6347,-0.06818182,None,36955.79,39.4327,-75.639
2017-07-09 19:48:26.394956,AWE1806,535.7854,-0.375,None,36959.727,39.454,-75.635
2017-07-09 19:48:31.503141,AWE1806,537.5114,0.35227275,None,36957.85,39.4758,-75.6311
2017-07-09 19:48:36.606642,AWE1806,537.5114,0.35227275,None,36957.85,39.4758,-75.6311
2017-07-09 19:48:41.692400,AWE1806,539.0936,0.72727275,None,36952.758,39.4972,-75.6271
2017-07-09 19:48:46.792319,AWE1806,539.0936,0.72727275,None,36952.758,39.4972,-75.6271
2017-07-09 19:48:51.906648,AWE1806,540.24426,-0.87500006,None,36946.164,39.5187,-75.6232
2017-07-09 19:48:57.008744,AWE1806,540.24426,-0.87500006,None,36946.164,39.5187,-75.6232
2017-07-09 19:49:02.104214,AWE1806,540.10046,0.6136364,None,36941.535,39.5401,-75.6192
2017-07-09 19:49:07.229912,AWE1806,540.10046,0.6136364,None,36941.535,39.5401,-75.6192
2017-07-09 19:49:12.324891,AWE1806,540.24426,-0.73863643,None,36960.58,39.5616,-75.6153
2017-07-09 19:49:21.077497,AWE1806,540.24426,-0.73863643,None,36960.58,39.5616,-75.6153
2017-07-09 19:49:26.190256,AWE1806,541.39496,-1.6136365,None,36948.33,39.5836,-75.6115
2017-07-09 19:49:31.284029,AWE1806,541.39496,-1.6136365,None,36948.33,39.5836,-75.6115
2017-07-09 19:49:36.374563,AWE1806,542.54565,-1.6136365,None,36943.832,39.6052,-75.6077
2017-07-09 19:49:41.461359,AWE1806,550.16895,1.1363637,None,36948.38,39.6268,-75.6028
2017-07-09 19:49:46.568076,AWE1806,550.16895,1.1363637,None,36948.38,39.6268,-75.6028
2017-07-09 19:49:51.689602,AWE1806,558.65515,1.1136364,None,36970.38,39.6483,-75.595
2017-07-09 19:49:56.794189,AWE1806,558.65515,1.1136364,None,36970.38,39.6483,-75.595
2017-07-09 19:50:01.889661,AWE1806,566.27844,1.1818182,None,36947.914,39.6694,-75.5844
2017-07-09 19:50:06.972298,AWE1806,566.27844,1.1818182,None,36947.914,39.6694,-75.5844
2017-07-09 19:50:12.063564,AWE1806,572.4633,1.9545455,None,36974.29,39.6902,-75.5707
2017-07-09 19:50:17.182268,AWE1806,572.4633,1.9545455,None,36974.29,39.6902,-75.5707
2017-07-09 19:50:25.838128,AWE1806,579.6551,0.056818184,None,36990.54,39.7097,-75.5547
2017-07-09 19:50:30.947504,AWE1806,579.6551,0.056818184,None,36990.54,39.7097,-75.5547
2017-07-09 19:50:36.043130,AWE1806,585.6961,0.03409091,None,36997.918,39.7283,-75.5362
2017-07-09 19:50:41.924193,AWE1806,589.7235,0.80681825,None,37043.344,39.7453,-75.5149
2017-07-09 19:50:47.359053,AWE1806,589.7235,0.80681825,None,37043.344,39.7453,-75.5149
2017-07-09 19:50:52.579433,AWE1806,594.0386,-4.034091,None,37005.21,39.7609,-75.4908
2017-07-09 19:50:57.835631,AWE1806,594.0386,-4.034091,None,37005.21,39.7609,-75.4908
2017-07-09 19:51:02.912717,AWE1806,599.3605,-1.4659091,None,36986.336,39.7741,-75.4658
2017-07-09 19:51:08.079945,AWE1806,599.3605,-1.4659091,None,36986.336,39.7741,-75.4658
2017-07-09 19:51:13.195674,AWE1806,601.08655,0.4318182,None,36961.867,39.7866,-75.4383
2017-07-09 19:51:18.323030,AWE1806,601.08655,0.4318182,None,36961.867,39.7866,-75.4383
2017-07-09 19:51:23.434176,AWE1806,602.66864,-0.13636364,None,37000.22,39.799,-75.4114
2017-07-09 19:51:31.452601,AWE1806,602.66864,-0.13636364,None,37000.22,39.799,-75.4114
2017-07-09 19:51:36.998229,AWE1806,603.81934,-0.2159091,None,36996.344,39.8112,-75.3842
2017-07-09 19:51:42.095776,AWE1806,604.3947,0.26136363,None,36996.848,39.8236,-75.3571
2017-07-09 19:51:47.191399,AWE1806,604.3947,0.26136363,None,36996.848,39.8236,-75.3571
2017-07-09 19:51:52.294822,AWE1806,604.25085,-0.20454545,None,36996.22,39.8361,-75.3293
2017-07-09 19:51:57.409747,AWE1806,604.25085,-0.20454545,None,36996.22,39.8361,-75.3293
2017-07-09 19:52:02.528949,AWE1806,604.107,0.18181819,None,37001.22,39.8484,-75.3022
2017-07-09 19:52:07.641667,AWE1806,604.107,0.18181819,None,37001.22,39.8484,-75.3022
2017-07-09 19:52:13.415371,AWE1806,604.3947,-0.45454547,None,37002.72,39.8608,-75.2751
2017-07-09 19:52:18.510238,AWE1806,604.3947,-0.45454547,None,37002.72,39.8608,-75.2751
2017-07-09 19:52:23.611824,AWE1806,604.97003,0.03409091,None,37000.47,39.8733,-75.2472
2017-07-09 19:52:28.711090,AWE1806,604.97003,0.03409091,None,37000.47,39.8733,-75.2472
2017-07-09 19:52:33.805911,AWE1806,605.83307,0.26136363,None,36993.285,39.8853,-75.2206
2017-07-09 19:52:41.454221,AWE1806,605.83307,0.26136363,None,36993.285,39.8853,-75.2206
2017-07-09 19:52:46.553874,AWE1806,606.4084,-0.5113636,None,36998.473,39.8979,-75.1927
2017-07-09 19:52:51.659532,AWE1806,605.83307,0.2159091,None,36992.344,39.9102,-75.1654
2017-07-09 19:52:56.772583,AWE1806,605.83307,0.2159091,None,36992.344,39.9102,-75.1654
2017-07-09 19:53:01.884778,AWE1806,605.83307,0.17045455,None,36997.188,39.9226,-75.1381
2017-07-09 19:53:06.969687,AWE1806,605.83307,0.17045455,None,36997.188,39.9226,-75.1381
2017-07-09 19:53:12.069332,AWE1806,605.97687,-0.47727272,None,36992.062,39.9351,-75.1103
2017-07-09 19:53:17.170796,AWE1806,605.97687,-0.47727272,None,36992.062,39.9351,-75.1103
2017-07-09 19:53:22.284494,AWE1806,605.97687,0.19318183,None,36985.906,39.9471,-75.0835
2017-07-09 19:53:27.399652,AWE1806,605.97687,0.19318183,None,36985.906,39.9471,-75.0835
2017-07-09 19:53:32.493118,AWE1806,605.97687,0.5681819,None,36996.316,39.9597,-75.0555
2017-07-09 19:53:37.625375,AWE1806,605.97687,0.5681819,None,36996.316,39.9597,-75.0555
2017-07-09 19:53:44.261623,AWE1806,605.97687,-0.09090909,None,36999.312,39.9719,-75.0282
2017-07-09 19:53:49.496809,AWE1806,605.97687,-0.09090909,None,36999.312,39.9719,-75.0282
2017-07-09 19:53:54.612999,AWE1806,605.97687,0.056818184,None,36987.35,39.9844,-75.0002
2017-07-09 19:53:59.702313,AWE1806,605.97687,0.056818184,None,36987.35,39.9844,-75.0002
2017-07-09 19:54:04.819898,AWE1806,605.6892,0.31818184,None,36961.29,39.9966,-74.9729
2017-07-09 19:54:09.900657,AWE1806,605.6892,0.31818184,None,36961.29,39.9966,-74.9729
2017-07-09 19:54:15.005668,AWE1806,600.9427,0.22727273,None,36919.906,40.0088,-74.9456
2017-07-09 19:54:21.188821,AWE1806,600.9427,0.22727273,None,36919.906,40.0088,-74.9456
2017-07-09 19:54:26.272569,AWE1806,593.60706,0.9318182,None,36972.55,40.021,-74.9187
2017-07-09 19:54:31.375944,AWE1806,593.60706,0.9318182,None,36972.55,40.021,-74.9187
2017-07-09 19:54:36.459240,AWE1806,587.85364,-0.5113636,None,37004.684,40.0328,-74.8919
2017-07-09 19:54:41.561138,AWE1806,587.85364,-0.5113636,None,37004.684,40.0328,-74.8919
2017-07-09 19:54:48.175421,AWE1806,583.6825,-0.9318182,None,36984.137,40.0448,-74.865
2017-07-09 19:54:53.357260,AWE1806,580.8058,-0.4659091,None,36940.605,40.0565,-74.8385
2017-07-09 19:54:58.472105,AWE1806,580.8058,-0.4659091,None,36940.605,40.0565,-74.8385
2017-07-09 19:55:03.578257,AWE1806,579.6551,-0.3409091,None,36932.605,40.0682,-74.8123
2017-07-09 19:55:08.698674,AWE1806,579.6551,-0.3409091,None,36932.605,40.0682,-74.8123
2017-07-09 19:55:13.781993,AWE1806,579.6551,0.011363637,None,36927.355,40.08,-74.786
2017-07-09 19:55:18.897948,AWE1806,579.6551,0.011363637,None,36927.355,40.08,-74.786
2017-07-09 19:55:23.997681,AWE1806,580.37427,0.57954544,None,36947.31,40.0917,-74.7597
2017-07-09 19:55:29.084558,AWE1806,580.37427,0.57954544,None,36947.31,40.0917,-74.7597
2017-07-09 19:55:34.189946,AWE1806,582.1003,-5.681818,None,36882.53,40.1035,-74.733
2017-07-09 19:55:39.306793,AWE1806,582.1003,-5.681818,None,36882.53,40.1035,-74.733
2017-07-09 19:55:44.579061,AWE1806,583.39484,-13.886364,None,36716.926,40.115,-74.707
2017-07-09 19:55:51.176120,AWE1806,583.39484,-13.886364,None,36716.926,40.115,-74.707
2017-07-09 19:55:56.298192,AWE1806,583.8263,-13.863636,None,36524.13,40.127,-74.6801
2017-07-09 19:56:01.393760,AWE1806,583.8263,-13.863636,None,36524.13,40.127,-74.6801
2017-07-09 19:56:06.491539,AWE1806,584.68933,-13.477273,None,36329.63,40.1387,-74.6536
2017-07-09 19:56:11.586043,AWE1806,584.68933,-13.477273,None,36329.63,40.1387,-74.6536
2017-07-09 19:56:16.709669,AWE1806,586.8468,-14.318183,None,36117.598,40.1501,-74.6265
2017-07-09 19:56:21.808327,AWE1806,588.28516,-14.375,None,35911.52,40.1593,-74.5984
2017-07-09 19:56:26.935495,AWE1806,588.28516,-14.375,None,35911.52,40.1593,-74.5984
2017-07-09 19:56:32.021429,AWE1806,588.5729,-13.693182,None,35704.61,40.1665,-74.5683
2017-07-09 19:56:37.118223,AWE1806,588.5729,-13.693182,None,35704.61,40.1665,-74.5683
2017-07-09 19:56:42.245126,AWE1806,589.43585,-13.761365,None,35482.824,40.1725,-74.5385
2017-07-09 19:56:47.359968,AWE1806,589.43585,-13.761365,None,35482.824,40.1725,-74.5385
2017-07-09 19:56:57.000075,AWE1806,589.29205,-15.159091,None,35210.523,40.1782,-74.5084
2017-07-09 19:57:02.117015,AWE1806,587.9975,-14.909091,None,34908.234,40.1839,-74.4785
2017-07-09 19:57:07.249634,AWE1806,587.9975,-14.909091,None,34908.234,40.1839,-74.4785
2017-07-09 19:57:12.387938,AWE1806,585.98376,-14.681819,None,34721.867,40.1895,-74.4487
2017-07-09 19:57:17.500630,AWE1806,585.98376,-14.681819,None,34721.867,40.1895,-74.4487
2017-07-09 19:57:22.625407,AWE1806,584.2578,-13.897728,None,34517.496,40.1954,-74.4183
2017-07-09 19:57:27.748735,AWE1806,584.2578,-13.897728,None,34517.496,40.1954,-74.4183
2017-07-09 19:57:32.848076,AWE1806,583.53864,-13.113636,None,34329.395,40.201,-74.3886
2017-07-09 19:57:37.963263,AWE1806,583.53864,-13.113636,None,34329.395,40.201,-74.3886
2017-07-09 19:57:43.055746,AWE1806,583.251,-13.954546,None,34130.02,40.2069,-74.3589
2017-07-09 19:57:48.161086,AWE1806,583.251,-13.954546,None,34130.02,40.2069,-74.3589
2017-07-09 19:57:53.316967,AWE1806,581.66876,-14.5,None,33937.62,40.2125,-74.3294
2017-07-09 19:57:59.963154,AWE1806,581.66876,-14.5,None,33937.62,40.2125,-74.3294
2017-07-09 19:58:05.054337,AWE1806,579.3674,-14.022728,None,33765.355,40.2182,-74.2992
2017-07-09 19:58:10.175473,AWE1806,579.3674,-14.022728,None,33765.355,40.2182,-74.2992
2017-07-09 19:58:15.298977,AWE1806,576.6346,-13.943182,None,33585.703,40.2239,-74.2698
2017-07-09 19:58:21.239733,AWE1806,576.6346,-13.943182,None,33585.703,40.2239,-74.2698
2017-07-09 19:58:26.326853,AWE1806,573.7579,-14.579546,None,33382.45,40.2294,-74.2405
2017-07-09 19:58:31.452827,AWE1806,573.7579,-14.579546,None,33382.45,40.2294,-74.2405
2017-07-09 19:58:36.567465,AWE1806,571.4565,-14.943182,None,33167.824,40.2347,-74.2113
2017-07-09 19:58:41.696527,AWE1806,571.4565,-14.943182,None,33167.824,40.2347,-74.2113
2017-07-09 19:58:46.783470,AWE1806,570.8811,-8.488636,None,32994.168,40.2412,-74.1819
2017-07-09 19:58:51.937480,AWE1806,570.8811,-8.488636,None,32994.168,40.2412,-74.1819
2017-07-09 19:58:57.042057,AWE1806,573.0387,-2.1704545,None,32936.793,40.2496,-74.1545
2017-07-09 19:59:04.684400,AWE1806,575.77155,-0.8977273,None,32840.223,40.2601,-74.1272
2017-07-09 19:59:09.771040,AWE1806,575.77155,-0.8977273,None,32840.223,40.2601,-74.1272
2017-07-09 19:59:14.891964,AWE1806,575.9154,0.95454544,None,32822.258,40.2726,-74.1018
2017-07-09 19:59:21.341448,AWE1806,575.9154,0.95454544,None,32822.258,40.2726,-74.1018
2017-07-09 19:59:26.467761,AWE1806,573.9017,0.9318182,None,32897.855,40.2872,-74.0784
2017-07-09 19:59:31.570279,AWE1806,573.9017,0.9318182,None,32897.855,40.2872,-74.0784
2017-07-09 19:59:36.687108,AWE1806,570.0181,0.38636366,None,32902.48,40.3035,-74.0571
2017-07-09 19:59:41.818333,AWE1806,570.0181,0.38636366,None,32902.48,40.3035,-74.0571
2017-07-09 19:59:46.956365,AWE1806,567.1414,0.28409094,None,32979.73,40.3214,-74.0376
2017-07-09 19:59:52.071689,AWE1806,566.27844,0.03409091,None,32988.73,40.3389,-74.0187
2017-07-09 19:59:57.173316,AWE1806,566.27844,0.03409091,None,32988.73,40.3389,-74.0187
2017-07-09 20:00:02.268745,AWE1806,566.1346,-2.909091,None,32984.77,40.3566,-73.9996
2017-07-09 20:00:08.889438,AWE1806,566.1346,-2.909091,None,32984.77,40.3566,-73.9996
2017-07-09 20:00:13.970822,AWE1806,566.5661,-14.21591,None,32831.84,40.3741,-73.9807
2017-07-09 20:00:19.067711,AWE1806,566.5661,-14.21591,None,32831.84,40.3741,-73.9807
2017-07-09 20:00:24.191045,AWE1806,564.40857,-20.886364,None,32512.883,40.3919,-73.9613
2017-07-09 20:00:29.281410,AWE1806,564.40857,-20.886364,None,32512.883,40.3919,-73.9613
2017-07-09 20:00:34.403654,AWE1806,560.95654,-22.0,None,32265.125,40.4094,-73.9426
2017-07-09 20:00:39.510668,AWE1806,560.95654,-22.0,None,32265.125,40.4094,-73.9426
2017-07-09 20:00:44.615046,AWE1806,558.07983,-24.386364,None,31943.5,40.4268,-73.9239
2017-07-09 20:00:49.917872,AWE1806,558.07983,-24.386364,None,31943.5,40.4268,-73.9239
2017-07-09 20:00:55.288172,AWE1806,556.3538,-25.193182,None,31588.875,40.4439,-73.9052
2017-07-09 20:01:00.392002,AWE1806,556.3538,-25.193182,None,31588.875,40.4439,-73.9052
2017-07-09 20:01:05.520549,AWE1806,555.05927,-25.011364,None,31228.877,40.4616,-73.8861
2017-07-09 20:01:13.179292,AWE1806,553.9086,-23.818182,None,30877.25,40.4788,-73.868
2017-07-09 20:01:18.309903,AWE1806,553.9086,-23.818182,None,30877.25,40.4788,-73.868
2017-07-09 20:01:23.420467,AWE1806,552.4703,-24.34091,None,30522.625,40.4959,-73.8491
2017-07-09 20:01:28.533592,AWE1806,552.4703,-24.34091,None,30522.625,40.4959,-73.8491
2017-07-09 20:01:33.630227,AWE1806,551.3196,-24.750002,None,30151.502,40.5131,-73.8307
2017-07-09 20:01:38.721154,AWE1806,551.3196,-24.750002,None,30151.502,40.5131,-73.8307
2017-07-09 20:01:43.835768,AWE1806,548.2991,-24.318182,None,29781.375,40.5305,-73.8118
2017-07-09 20:01:48.952660,AWE1806,548.2991,-24.318182,None,29781.375,40.5305,-73.8118
2017-07-09 20:01:54.072859,AWE1806,544.27167,-24.500002,None,29426.875,40.5471,-73.7938
2017-07-09 20:01:59.214453,AWE1806,544.27167,-24.500002,None,29426.875,40.5471,-73.7938
2017-07-09 20:02:04.340262,AWE1806,540.532,-29.431818,None,29027.5,40.5643,-73.7753
2017-07-09 20:02:09.440340,AWE1806,540.532,-29.431818,None,29027.5,40.5643,-73.7753
2017-07-09 20:02:17.337712,AWE1806,538.3744,-31.875,None,28577.25,40.5809,-73.7572
2017-07-09 20:02:22.463440,AWE1806,537.79913,-36.590908,None,28052.324,40.5979,-73.7387
2017-07-09 20:02:27.558035,AWE1806,537.79913,-36.590908,None,28052.324,40.5979,-73.7387
2017-07-09 20:02:32.671297,AWE1806,536.9361,-27.636364,None,27583.076,40.6144,-73.721
2017-07-09 20:02:37.786647,AWE1806,536.9361,-27.636364,None,27583.076,40.6144,-73.721
2017-07-09 20:02:42.907312,AWE1806,532.1895,-17.96591,None,27240.916,40.6312,-73.7028
2017-07-09 20:02:48.004033,AWE1806,532.1895,-17.96591,None,27240.916,40.6312,-73.7028
2017-07-09 20:02:53.116940,AWE1806,523.70325,-8.988637,None,27035.543,40.6477,-73.685
2017-07-09 20:02:58.224316,AWE1806,523.70325,-8.988637,None,27035.543,40.6477,-73.685
2017-07-09 20:03:03.318131,AWE1806,514.78546,-0.8409091,None,26981.857,40.6637,-73.6674
2017-07-09 20:03:08.439185,AWE1806,514.78546,-0.8409091,None,26981.857,40.6637,-73.6674
2017-07-09 20:03:13.538330,AWE1806,510.3266,0.022727273,None,26984.652,40.6796,-73.6503
2017-07-09 20:03:20.176012,AWE1806,510.3266,0.022727273,None,26984.652,40.6796,-73.6503
2017-07-09 20:03:25.291778,AWE1806,509.4636,0.31818184,None,26968.047,40.6958,-73.6328
2017-07-09 20:03:30.414459,AWE1806,509.4636,0.31818184,None,26968.047,40.6958,-73.6328
2017-07-09 20:03:35.526936,AWE1806,510.18277,0.5,None,26956.082,40.7116,-73.6156
2017-07-09 20:03:40.644929,AWE1806,510.18277,0.5,None,26956.082,40.7116,-73.6156
2017-07-09 20:03:45.755078,AWE1806,511.1896,-0.011363637,None,26925.84,40.7273,-73.5984
2017-07-09 20:03:50.863242,AWE1806,511.1896,-0.011363637,None,26925.84,40.7273,-73.5984
2017-07-09 20:03:55.967321,AWE1806,512.0526,0.90909094,None,26937.6,40.7431,-73.5813
2017-07-09 20:04:01.052494,AWE1806,512.0526,0.90909094,None,26937.6,40.7431,-73.5813
2017-07-09 20:04:06.160930,AWE1806,513.49097,0.22727273,None,26900.49,40.7594,-73.5636
2017-07-09 20:04:11.288528,AWE1806,513.49097,0.22727273,None,26900.49,40.7594,-73.5636
2017-07-09 20:04:16.407667,AWE1806,514.9293,-0.26136363,None,26889.537,40.7754,-73.5463
2017-07-09 20:04:24.649392,AWE1806,515.79236,-0.11363637,None,26828.406,40.7914,-73.5289
2017-07-09 20:04:29.759331,AWE1806,515.79236,-0.11363637,None,26828.406,40.7914,-73.5289
2017-07-09 20:04:34.855206,AWE1806,516.2239,0.011363637,None,26834.516,40.8073,-73.5114
2017-07-09 20:04:39.978863,AWE1806,516.2239,0.011363637,None,26834.516,40.8073,-73.5114
2017-07-09 20:04:45.106132,AWE1806,516.51154,-0.375,None,26795.701,40.8237,-73.4937
2017-07-09 20:04:50.193184,AWE1806,516.51154,-0.375,None,26795.701,40.8237,-73.4937
2017-07-09 20:04:55.308323,AWE1806,516.7992,-3.0227273,None,26742.94,40.8396,-73.4762
2017-07-09 20:05:00.442216,AWE1806,516.7992,-3.0227273,None,26742.94,40.8396,-73.4762
2017-07-09 20:05:05.519562,AWE1806,517.08685,-12.46591,None,26705.873,40.8552,-73.458
2017-07-09 20:05:10.626125,AWE1806,517.08685,-12.46591,None,26705.873,40.8552,-73.458
2017-07-09 20:05:15.718782,AWE1806,516.2239,-14.056818,None,26513.951,40.8702,-73.4391
2017-07-09 20:05:20.830513,AWE1806,516.2239,-14.056818,None,26513.951,40.8702,-73.4391
2017-07-09 20:05:27.448401,AWE1806,515.79236,-13.965909,None,26348.89,40.8848,-73.4196
2017-07-09 20:05:32.569252,AWE1806,515.50464,-13.545454,None,26238.84,40.899,-73.3991
2017-07-09 20:05:37.681836,AWE1806,515.50464,-13.545454,None,26238.84,40.899,-73.3991
2017-07-09 20:05:42.773736,AWE1806,514.354,-14.397727,None,25916.947,40.9129,-73.3787
2017-07-09 20:05:47.872943,AWE1806,514.354,-14.397727,None,25916.947,40.9129,-73.3787
2017-07-09 20:05:53.086240,AWE1806,513.34717,-14.545455,None,25823.54,40.9266,-73.3585
2017-07-09 20:05:58.302007,AWE1806,513.34717,-14.545455,None,25823.54,40.9266,-73.3585
2017-07-09 20:06:03.401470,AWE1806,511.76495,-14.284091,None,25606.467,40.9406,-73.3384
2017-07-09 20:06:08.570897,AWE1806,511.76495,-14.284091,None,25606.467,40.9406,-73.3384
2017-07-09 20:06:13.666153,AWE1806,510.61426,-13.772728,None,25444.502,40.9543,-73.3183
2017-07-09 20:06:18.751089,AWE1806,510.61426,-13.772728,None,25444.502,40.9543,-73.3183
2017-07-09 20:06:24.658882,AWE1806,509.89508,-14.431819,None,25240.752,40.968,-73.2982
2017-07-09 20:06:35.293627,AWE1806,508.45676,-15.238637,None,25019.875,40.9819,-73.2776
2017-07-09 20:06:40.424000,AWE1806,508.45676,-15.238637,None,25019.875,40.9819,-73.2776
2017-07-09 20:06:45.569643,AWE1806,506.29922,-14.693182,None,24795.0,40.9957,-73.2575
2017-07-09 20:06:50.677331,AWE1806,506.29922,-14.693182,None,24795.0,40.9957,-73.2575
2017-07-09 20:06:55.791010,AWE1806,504.42938,-14.477273,None,24581.127,41.0092,-73.2376
2017-07-09 20:07:00.879415,AWE1806,504.42938,-14.477273,None,24581.127,41.0092,-73.2376
2017-07-09 20:07:05.983506,AWE1806,502.5595,-14.681819,None,24368.625,41.0228,-73.2177
2017-07-09 20:07:11.095769,AWE1806,502.5595,-14.681819,None,24368.625,41.0228,-73.2177
2017-07-09 20:07:16.196439,AWE1806,500.68967,-16.397728,None,24134.75,41.0362,-73.198
2017-07-09 20:07:21.325832,AWE1806,500.68967,-16.397728,None,24134.75,41.0362,-73.198
2017-07-09 20:07:26.439968,AWE1806,498.53214,-16.795456,None,23888.875,41.0499,-73.1777
2017-07-09 20:07:31.531537,AWE1806,498.53214,-16.795456,None,23888.875,41.0499,-73.1777
2017-07-09 20:07:36.630570,AWE1806,496.51846,-16.522728,None,23641.25,41.0631,-73.1581
2017-07-09 20:07:47.251206,AWE1806,495.22394,-15.863637,None,23384.857,41.0765,-73.1384
2017-07-09 20:07:52.356313,AWE1806,495.22394,-15.863637,None,23384.857,41.0765,-73.1384
2017-07-09 20:07:57.472591,AWE1806,494.79242,-13.579546,None,23179.875,41.0897,-73.1188
2017-07-09 20:08:02.582317,AWE1806,495.36777,-5.5,None,23038.75,41.1035,-73.0989
2017-07-09 20:08:07.673379,AWE1806,495.36777,-5.5,None,23038.75,41.1035,-73.0989
2017-07-09 20:08:12.772922,AWE1806,497.38144,-0.5340909,None,22995.25,41.1165,-73.0797
2017-07-09 20:08:17.862306,AWE1806,497.38144,-0.5340909,None,22995.25,41.1165,-73.0797
2017-07-09 20:08:24.653062,AWE1806,499.68283,0.87500006,None,22992.127,41.1301,-73.0594
2017-07-09 20:08:29.758988,AWE1806,499.68283,0.87500006,None,22992.127,41.1301,-73.0594
2017-07-09 20:08:34.841479,AWE1806,501.4088,0.4090909,None,22989.875,41.1435,-73.0397
2017-07-09 20:08:39.930749,AWE1806,501.4088,0.4090909,None,22989.875,41.1435,-73.0397
2017-07-09 20:08:45.037658,AWE1806,499.82666,0.6136364,None,22990.375,41.157,-73.0198
2017-07-09 20:08:50.136151,AWE1806,499.82666,0.6136364,None,22990.375,41.157,-73.0198
2017-07-09 20:08:56.793517,AWE1806,497.9568,0.2159091,None,23002.25,41.1704,-73.0
2017-07-09 20:09:01.907870,AWE1806,497.9568,0.2159091,None,23002.25,41.1704,-73.0
2017-07-09 20:09:07.022603,AWE1806,496.37463,0.03409091,None,23005.002,41.1836,-72.9803
2017-07-09 20:09:12.147498,AWE1806,496.37463,0.03409091,None,23005.002,41.1836,-72.9803
2017-07-09 20:09:17.264176,AWE1806,495.36777,-0.25,None,23005.502,41.1972,-72.9602
2017-07-09 20:09:22.381557,AWE1806,495.36777,-0.25,None,23005.502,41.1972,-72.9602
2017-07-09 20:09:27.495739,AWE1806,495.7993,-0.19318183,None,23003.5,41.2101,-72.9401
2017-07-09 20:09:32.606846,AWE1806,495.7993,-0.19318183,None,23003.5,41.2101,-72.9401
2017-07-09 20:09:37.721486,AWE1806,496.80612,-0.17045455,None,22991.627,41.2221,-72.919
2017-07-09 20:09:42.825186,AWE1806,497.09378,-0.5,None,22978.53,41.2327,-72.8965
2017-07-09 20:09:47.962578,AWE1806,497.09378,-0.5,None,22978.53,41.2327,-72.8965
2017-07-09 20:09:53.099009,AWE1806,497.2376,0.022727273,None,22973.684,41.2423,-72.8728
2017-07-09 20:10:01.716960,AWE1806,497.2376,0.022727273,None,22973.684,41.2423,-72.8728
2017-07-09 20:10:06.814739,AWE1806,497.81296,0.011363637,None,22998.97,41.2514,-72.8491
2017-07-09 20:10:11.896355,AWE1806,497.81296,0.011363637,None,22998.97,41.2514,-72.8491
2017-07-09 20:10:16.994840,AWE1806,498.3883,-0.26136363,None,22997.846,41.2607,-72.8256
2017-07-09 20:10:22.080545,AWE1806,498.3883,-0.26136363,None,22997.846,41.2607,-72.8256
2017-07-09 20:10:27.165782,AWE1806,498.3883,0.10227273,None,22988.033,41.2698,-72.8019
2017-07-09 20:10:32.271677,AWE1806,498.3883,0.10227273,None,22988.033,41.2698,-72.8019
2017-07-09 20:10:37.393497,AWE1806,498.53214,0.17045455,None,22986.096,41.2792,-72.7779
2017-07-09 20:10:42.511061,AWE1806,498.53214,0.17045455,None,22986.096,41.2792,-72.7779
2017-07-09 20:10:47.616926,AWE1806,499.2513,-0.17045455,None,22930.793,41.2883,-72.7542
2017-07-09 20:10:52.729458,AWE1806,499.53897,-0.375,None,22902.006,41.2976,-72.7305
2017-07-09 20:10:58.198941,AWE1806,499.53897,-0.375,None,22902.006,41.2976,-72.7305
2017-07-09 20:11:04.795134,AWE1806,499.53897,0.15909092,None,22888.51,41.3067,-72.7068
2017-07-09 20:11:09.908710,AWE1806,499.53897,0.15909092,None,22888.51,41.3067,-72.7068
2017-07-09 20:11:15.005005,AWE1806,499.2513,0.07954546,None,22950.908,41.316,-72.6826
2017-07-09 20:11:20.094282,AWE1806,499.2513,0.07954546,None,22950.908,41.316,-72.6826
2017-07-09 20:11:25.196536,AWE1806,499.2513,0.23863636,None,22893.744,41.3251,-72.6595
2017-07-09 20:11:30.301516,AWE1806,499.2513,0.23863636,None,22893.744,41.3251,-72.6595
2017-07-09 20:11:35.411219,AWE1806,499.39514,-0.3068182,None,22860.611,41.3343,-72.6353
2017-07-09 20:11:40.526792,AWE1806,499.39514,-0.3068182,None,22860.611,41.3343,-72.6353
2017-07-09 20:11:45.644252,AWE1806,499.53897,-0.18181819,None,22866.6,41.3434,-72.6116
2017-07-09 20:11:50.743332,AWE1806,499.53897,-0.18181819,None,22866.6,41.3434,-72.6116
2017-07-09 20:11:55.861579,AWE1806,499.9705,0.056818184,None,22755.377,41.3529,-72.5874
2017-07-09 20:12:00.942850,AWE1806,499.9705,0.056818184,None,22755.377,41.3529,-72.5874
2017-07-09 20:12:07.582963,AWE1806,500.402,0.011363637,None,22784.428,41.3618,-72.564
2017-07-09 20:12:12.718138,AWE1806,500.402,0.011363637,None,22784.428,41.3618,-72.564
2017-07-09 20:12:17.836950,AWE1806,500.68967,0.11363637,None,22676.824,41.3711,-72.5396
2017-07-09 20:12:24.867432,AWE1806,500.97736,0.2159091,None,22668.855,41.3803,-72.5159
2017-07-09 20:12:29.957847,AWE1806,500.97736,0.2159091,None,22668.855,41.3803,-72.5159
2017-07-09 20:12:35.067287,AWE1806,500.97736,-0.22727273,None,22613.674,41.3894,-72.4921
2017-07-09 20:12:40.187640,AWE1806,500.97736,-0.22727273,None,22613.674,41.3894,-72.4921
2017-07-09 20:12:45.274600,AWE1806,500.54584,0.011363637,None,22703.537,41.3985,-72.4682
2017-07-09 20:12:50.378912,AWE1806,500.54584,0.011363637,None,22703.537,41.3985,-72.4682
2017-07-09 20:12:55.506684,AWE1806,500.402,0.17045455,None,22873.445,41.4078,-72.4438
2017-07-09 20:13:00.603886,AWE1806,500.402,0.17045455,None,22873.445,41.4078,-72.4438
2017-07-09 20:13:05.701157,AWE1806,500.54584,0.19318183,None,22877.945,41.4169,-72.42
2017-07-09 20:13:14.352857,AWE1806,501.26498,-0.09090909,None,22950.227,41.4262,-72.3961
2017-07-09 20:13:19.477636,AWE1806,501.26498,-0.09090909,None,22950.227,41.4262,-72.3961
2017-07-09 20:13:24.846865,AWE1806,501.84033,-0.67045456,None,22851.598,41.4353,-72.3723
2017-07-09 20:13:29.985119,AWE1806,501.84033,-0.67045456,None,22851.598,41.4353,-72.3723
2017-07-09 20:13:35.095829,AWE1806,501.55264,0.4318182,None,22774.924,41.4445,-72.3479
2017-07-09 20:13:40.212059,AWE1806,501.55264,0.4318182,None,22774.924,41.4445,-72.3479
2017-07-09 20:13:45.354810,AWE1806,501.98416,-4.818182,None,22607.79,41.4536,-72.324
2017-07-09 20:13:50.469025,AWE1806,501.98416,-4.818182,None,22607.79,41.4536,-72.324
2017-07-09 20:13:55.586211,AWE1806,501.26498,-10.545455,None,22561.58,41.4627,-72.3
2017-07-09 20:14:00.687291,AWE1806,501.26498,-10.545455,None,22561.58,41.4627,-72.3
2017-07-09 20:14:05.787586,AWE1806,499.9705,-10.931818,None,22441.66,41.4718,-72.2761
2017-07-09 20:14:10.951452,AWE1806,499.9705,-10.931818,None,22441.66,41.4718,-72.2761
2017-07-09 20:14:21.571337,AWE1806,498.67596,-10.977273,None,22285.16,41.4809,-72.2523
2017-07-09 20:14:26.687483,AWE1806,497.66913,-11.056819,None,21972.902,41.4902,-72.2281
2017-07-09 20:14:31.804602,AWE1806,497.66913,-11.056819,None,21972.902,41.4902,-72.2281
2017-07-09 20:14:36.899753,AWE1806,496.80612,-10.920454,None,21768.246,41.4991,-72.2044
2017-07-09 20:14:41.993256,AWE1806,496.80612,-10.920454,None,21768.246,41.4991,-72.2044
2017-07-09 20:14:47.096393,AWE1806,496.23077,-10.875,None,21609.357,41.5081,-72.1805
2017-07-09 20:14:52.197965,AWE1806,496.23077,-10.875,None,21609.357,41.5081,-72.1805
2017-07-09 20:14:57.320103,AWE1806,496.08694,-10.84091,None,21449.107,41.5168,-72.1568
2017-07-09 20:15:02.422944,AWE1806,496.08694,-10.84091,None,21449.107,41.5168,-72.1568
2017-07-09 20:15:07.539642,AWE1806,495.7993,-11.704546,None,21403.627,41.5259,-72.1325
2017-07-09 20:15:12.659351,AWE1806,495.7993,-11.704546,None,21403.627,41.5259,-72.1325
2017-07-09 20:15:17.776346,AWE1806,494.79242,-11.431818,None,21411.28,41.5347,-72.1086
2017-07-09 20:15:24.834246,AWE1806,494.79242,-11.431818,None,21411.28,41.5347,-72.1086
2017-07-09 20:15:31.464804,AWE1806,493.64172,-10.943183,None,21245.904,41.5434,-72.0849
2017-07-09 20:15:37.217064,AWE1806,492.77875,-10.693182,None,21028.895,41.5522,-72.0612
2017-07-09 20:15:42.338625,AWE1806,492.77875,-10.693182,None,21028.895,41.5522,-72.0612
2017-07-09 20:15:47.472180,AWE1806,491.62805,-10.829545,None,21000.125,41.5611,-72.037
2017-07-09 20:15:52.567554,AWE1806,491.62805,-10.829545,None,21000.125,41.5611,-72.037
2017-07-09 20:15:57.811898,AWE1806,489.90204,-13.136364,None,20810.104,41.5695,-72.0133
2017-07-09 20:16:03.134140,AWE1806,488.75137,-16.477274,None,20586.477,41.5774,-71.9895
2017-07-09 20:16:08.311330,AWE1806,488.75137,-16.477274,None,20586.477,41.5774,-71.9895
2017-07-09 20:16:13.427437,AWE1806,486.44998,-17.363636,None,20287.92,41.5848,-71.9651
2017-07-09 20:16:18.548938,AWE1806,486.44998,-17.363636,None,20287.92,41.5848,-71.9651
2017-07-09 20:16:24.826940,AWE1806,483.86096,-16.727272,None,19896.734,41.5924,-71.9405
2017-07-09 20:16:29.959300,AWE1806,483.86096,-16.727272,None,19896.734,41.5924,-71.9405
2017-07-09 20:16:36.595092,AWE1806,482.13495,-15.318182,None,19763.957,41.5996,-71.9165
2017-07-09 20:16:41.702150,AWE1806,482.13495,-15.318182,None,19763.957,41.5996,-71.9165
2017-07-09 20:16:46.834224,AWE1806,481.5596,-15.897728,None,19539.457,41.6068,-71.8926
2017-07-09 20:16:51.968089,AWE1806,481.5596,-15.897728,None,19539.457,41.6068,-71.8926
2017-07-09 20:16:57.087263,AWE1806,481.12808,-17.0,None,19139.59,41.6142,-71.8688
2017-07-09 20:17:02.219633,AWE1806,481.12808,-17.0,None,19139.59,41.6142,-71.8688
2017-07-09 20:17:07.352744,AWE1806,480.40894,-17.056818,None,18783.762,41.6215,-71.8444
2017-07-09 20:17:12.460472,AWE1806,480.40894,-17.056818,None,18783.762,41.6215,-71.8444
2017-07-09 20:17:17.538245,AWE1806,479.68976,-15.625001,None,18542.262,41.6286,-71.8209
2017-07-09 20:17:23.403930,AWE1806,479.68976,-15.625001,None,18542.262,41.6286,-71.8209
2017-07-09 20:17:28.528744,AWE1806,478.82675,-15.772728,None,18380.248,41.6358,-71.7965
2017-07-09 20:17:33.656488,AWE1806,478.6829,-15.681818,None,18122.207,41.6428,-71.7728
2017-07-09 20:17:40.312127,AWE1806,478.6829,-15.681818,None,18122.207,41.6428,-71.7728
2017-07-09 20:17:45.446408,AWE1806,477.38837,-16.386364,None,17930.81,41.6502,-71.7484
2017-07-09 20:17:50.561903,AWE1806,477.38837,-16.386364,None,17930.81,41.6502,-71.7484
2017-07-09 20:17:55.692355,AWE1806,471.34732,-9.431819,None,17621.84,41.6571,-71.7253
2017-07-09 20:18:00.785181,AWE1806,471.34732,-9.431819,None,17621.84,41.6571,-71.7253
2017-07-09 20:18:05.877374,AWE1806,463.14874,-8.579546,None,17454.924,41.6641,-71.7014
2017-07-09 20:18:10.997973,AWE1806,463.14874,-8.579546,None,17454.924,41.6641,-71.7014
2017-07-09 20:18:16.117607,AWE1806,454.51862,-7.6136365,None,17349.727,41.671,-71.6786
2017-07-09 20:18:21.246253,AWE1806,454.51862,-7.6136365,None,17349.727,41.671,-71.6786
2017-07-09 20:18:26.366840,AWE1806,446.1762,-9.545455,None,17229.479,41.6777,-71.6558
2017-07-09 20:18:31.614893,AWE1806,446.1762,-9.545455,None,17229.479,41.6777,-71.6558
2017-07-09 20:18:36.738697,AWE1806,439.99127,-15.420455,None,17166.545,41.6842,-71.6339
2017-07-09 20:18:44.403903,AWE1806,436.39542,-18.284092,None,16979.22,41.6909,-71.6118
2017-07-09 20:18:49.529445,AWE1806,436.39542,-18.284092,None,16979.22,41.6909,-71.6118
2017-07-09 20:18:54.641935,AWE1806,433.8064,-18.386366,None,16712.97,41.6972,-71.59
2017-07-09 20:18:59.759236,AWE1806,433.8064,-18.386366,None,16712.97,41.6972,-71.59
2017-07-09 20:19:04.885892,AWE1806,431.3612,-18.43182,None,16488.768,41.7038,-71.5685
2017-07-09 20:19:10.016266,AWE1806,431.3612,-18.43182,None,16488.768,41.7038,-71.5685
2017-07-09 20:19:15.134387,AWE1806,429.779,-18.590908,None,16241.881,41.7101,-71.5471
2017-07-09 20:19:20.264445,AWE1806,429.779,-18.590908,None,16241.881,41.7101,-71.5471
2017-07-09 20:19:25.380193,AWE1806,426.18314,-18.852274,None,16003.631,41.7166,-71.5253
2017-07-09 20:19:30.517960,AWE1806,426.18314,-18.852274,None,16003.631,41.7166,-71.5253
2017-07-09 20:19:35.652949,AWE1806,425.89545,-20.59091,None,15769.468,41.7228,-71.504
2017-07-09 20:19:40.799902,AWE1806,425.89545,-20.59091,None,15769.468,41.7228,-71.504
2017-07-09 20:19:47.448168,AWE1806,423.5941,-15.977273,None,15574.815,41.7292,-71.4827
2017-07-09 20:19:52.529858,AWE1806,423.5941,-15.977273,None,15574.815,41.7292,-71.4827
2017-07-09 20:19:57.655032,AWE1806,421.5804,-12.579546,None,15369.564,41.7357,-71.4613
2017-07-09 20:20:02.768864,AWE1806,421.5804,-12.579546,None,15369.564,41.7357,-71.4613
2017-07-09 20:20:07.889810,AWE1806,421.1489,-13.306818,None,15179.141,41.7426,-71.4407
2017-07-09 20:20:12.983819,AWE1806,421.1489,-13.306818,None,15179.141,41.7426,-71.4407
2017-07-09 20:20:18.112978,AWE1806,420.71738,-14.863637,None,14971.696,41.7506,-71.4207
2017-07-09 20:20:23.235300,AWE1806,420.71738,-14.863637,None,14971.696,41.7506,-71.4207
2017-07-09 20:20:28.539449,AWE1806,418.9914,-14.738636,None,14786.922,41.759,-71.4012
2017-07-09 20:20:33.658269,AWE1806,416.69,-13.977273,None,14586.97,41.7676,-71.3813
2017-07-09 20:20:38.746828,AWE1806,416.69,-13.977273,None,14586.97,41.7676,-71.3813
2017-07-09 20:20:43.863592,AWE1806,414.24484,-13.920455,None,14382.22,41.7759,-71.3619
2017-07-09 20:20:50.546725,AWE1806,414.24484,-13.920455,None,14382.22,41.7759,-71.3619
2017-07-09 20:20:55.662639,AWE1806,411.94345,-13.647727,None,14105.375,41.7841,-71.3426
2017-07-09 20:21:00.859157,AWE1806,411.94345,-13.647727,None,14105.375,41.7841,-71.3426
2017-07-09 20:21:05.985787,AWE1806,409.92978,-13.454546,None,13905.126,41.7925,-71.3236
2017-07-09 20:21:11.092411,AWE1806,409.92978,-13.454546,None,13905.126,41.7925,-71.3236
2017-07-09 20:21:16.225173,AWE1806,408.77908,-12.840909,None,13754.457,41.8007,-71.304
2017-07-09 20:21:21.347299,AWE1806,408.77908,-12.840909,None,13754.457,41.8007,-71.304
2017-07-09 20:21:26.460958,AWE1806,408.63525,-13.977273,None,13559.457,41.809,-71.2851
2017-07-09 20:21:31.584925,AWE1806,408.63525,-13.977273,None,13559.457,41.809,-71.2851
2017-07-09 20:21:36.691999,AWE1806,408.20374,-15.454546,None,13346.342,41.8172,-71.2661
2017-07-09 20:21:41.804625,AWE1806,408.20374,-15.454546,None,13346.342,41.8172,-71.2661
2017-07-09 20:21:46.912254,AWE1806,405.9024,-13.988637,None,13085.543,41.8255,-71.247
2017-07-09 20:21:53.542572,AWE1806,404.17636,-11.931819,None,12897.793,41.8337,-71.2278
2017-07-09 20:21:58.674050,AWE1806,404.17636,-11.931819,None,12897.793,41.8337,-71.2278
2017-07-09 20:22:03.759469,AWE1806,404.17636,-12.840909,None,12697.518,41.8418,-71.2089
2017-07-09 20:22:08.882063,AWE1806,404.17636,-12.840909,None,12697.518,41.8418,-71.2089
2017-07-09 20:22:14.020279,AWE1806,404.7517,-15.318182,None,12488.893,41.85,-71.19
2017-07-09 20:22:19.143232,AWE1806,404.7517,-15.318182,None,12488.893,41.85,-71.19
2017-07-09 20:22:25.397322,AWE1806,402.45038,-14.659092,None,12216.747,41.8581,-71.1713
2017-07-09 20:22:30.515970,AWE1806,402.45038,-14.659092,None,12216.747,41.8581,-71.1713
2017-07-09 20:22:35.639922,AWE1806,395.40244,-13.045455,None,12012.872,41.8661,-71.1526
2017-07-09 20:22:40.766661,AWE1806,395.40244,-13.045455,None,12012.872,41.8661,-71.1526
2017-07-09 20:22:45.894608,AWE1806,383.7518,-10.034091,None,11920.728,41.874,-71.1341
2017-07-09 20:22:51.032741,AWE1806,383.7518,-10.034091,None,11920.728,41.874,-71.1341
2017-07-09 20:22:57.684320,AWE1806,376.41623,-7.511364,None,11850.146,41.8816,-71.1164
2017-07-09 20:23:02.783748,AWE1806,376.41623,-7.511364,None,11850.146,41.8816,-71.1164
2017-07-09 20:23:07.919620,AWE1806,377.42307,-10.818182,None,11677.537,41.8893,-71.0984
2017-07-09 20:23:13.041990,AWE1806,377.42307,-10.818182,None,11677.537,41.8893,-71.0984
2017-07-09 20:23:18.172037,AWE1806,376.7039,-10.738637,None,11529.681,41.8969,-71.0812
2017-07-09 20:23:23.295014,AWE1806,376.7039,-10.738637,None,11529.681,41.8969,-71.0812
2017-07-09 20:23:28.396604,AWE1806,374.54636,-7.965909,None,11389.43,41.9048,-71.0635
2017-07-09 20:23:33.510808,AWE1806,374.54636,-7.965909,None,11389.43,41.9048,-71.0635
2017-07-09 20:23:38.631358,AWE1806,373.25186,-7.965909,None,11267.744,41.9123,-71.0462
2017-07-09 20:23:43.746391,AWE1806,372.10117,-8.840909,None,11128.6045,41.9201,-71.0288
2017-07-09 20:23:48.852831,AWE1806,372.10117,-8.840909,None,11128.6045,41.9201,-71.0288
2017-07-09 20:23:53.977206,AWE1806,372.10117,-8.840909,None,11128.6045,41.9201,-71.0288
2017-07-09 20:24:00.601956,AWE1806,372.10117,-8.840909,None,11128.6045,41.9201,-71.0288
2017-07-09 20:24:05.704978,AWE1806,370.80664,-8.590909,None,10956.427,41.9278,-71.0112
2017-07-09 20:24:10.842180,AWE1806,370.80664,-8.590909,None,10956.427,41.9278,-71.0112
2017-07-09 20:24:15.920790,AWE1806,370.0875,-8.704545,None,10830.426,41.9352,-70.994
2017-07-09 20:24:21.049854,AWE1806,370.0875,-8.704545,None,10830.426,41.9352,-70.994
2017-07-09 20:24:26.172101,AWE1806,369.2245,-9.409091,None,10729.783,41.9427,-70.9768
2017-07-09 20:24:31.260040,AWE1806,369.2245,-9.409091,None,10729.783,41.9427,-70.9768
2017-07-09 20:24:36.372964,AWE1806,367.64227,-8.693182,None,10595.658,41.9503,-70.9597
2017-07-09 20:24:41.494078,AWE1806,367.64227,-8.693182,None,10595.658,41.9503,-70.9597
2017-07-09 20:24:46.581148,AWE1806,366.77927,-8.829546,None,10471.655,41.9578,-70.9422
2017-07-09 20:24:51.809232,AWE1806,366.77927,-8.829546,None,10471.655,41.9578,-70.9422
2017-07-09 20:24:56.938868,AWE1806,365.34094,-8.886364,None,10341.405,41.965,-70.9255
2017-07-09 20:25:02.020904,AWE1806,365.34094,-8.886364,None,10341.405,41.965,-70.9255
2017-07-09 20:25:07.115719,AWE1806,363.03955,-9.397727,None,10221.629,41.9726,-70.9082
2017-07-09 20:25:12.246962,AWE1806,363.03955,-9.397727,None,10221.629,41.9726,-70.9082
2017-07-09 20:25:17.335182,AWE1806,361.1697,-7.6477275,None,10095.879,41.98,-70.8913
2017-07-09 20:25:22.447941,AWE1806,361.1697,-7.6477275,None,10095.879,41.98,-70.8913
2017-07-09 20:25:28.570362,AWE1806,360.3067,-8.295455,None,9971.912,41.9872,-70.8745
2017-07-09 20:25:33.693043,AWE1806,360.3067,-8.295455,None,9971.912,41.9872,-70.8745
2017-07-09 20:25:38.810966,AWE1806,360.019,-9.125,None,9843.287,41.9947,-70.8574
2017-07-09 20:25:43.920494,AWE1806,360.019,-8.795455,None,9716.265,42.0019,-70.8407
2017-07-09 20:25:49.118010,AWE1806,360.019,-8.795455,None,9716.265,42.0019,-70.8407
2017-07-09 20:25:55.776515,AWE1806,360.7382,-7.818182,None,9597.14,42.0093,-70.8239
2017-07-09 20:26:00.875709,AWE1806,360.7382,-7.818182,None,9597.14,42.0093,-70.8239
2017-07-09 20:26:05.987944,AWE1806,361.4574,-9.465909,None,9463.94,42.0165,-70.8071
2017-07-09 20:26:11.132800,AWE1806,361.4574,-9.465909,None,9463.94,42.0165,-70.8071
2017-07-09 20:26:16.255467,AWE1806,360.59436,-9.715909,None,9304.5625,42.0241,-70.7897
2017-07-09 20:26:21.393941,AWE1806,360.59436,-9.715909,None,9304.5625,42.0241,-70.7897
2017-07-09 20:26:28.469031,AWE1806,357.8615,-8.636364,None,9163.558,42.032,-70.7736
2017-07-09 20:26:33.608910,AWE1806,357.8615,-8.636364,None,9163.558,42.032,-70.7736
2017-07-09 20:26:38.734129,AWE1806,354.9848,-8.386364,None,9039.433,42.0412,-70.7588
2017-07-09 20:26:43.824310,AWE1806,352.39578,-8.704545,None,8886.911,42.051,-70.7444
2017-07-09 20:26:48.929144,AWE1806,352.39578,-8.704545,None,8886.911,42.051,-70.7444
2017-07-09 20:26:54.059254,AWE1806,350.23822,-7.068182,None,8772.161,42.0605,-70.7305
2017-07-09 20:41:34.641575,,0.71917504,-0.0,None,-29.058,42.3853,-71.0331
2017-07-09 20:41:39.712153,,0.71917504,0.011363637,None,-28.683,42.3853,-71.0331
2017-07-09 20:41:44.844335,,0.71917504,0.011363637,None,-28.683,42.3853,-71.0331
2017-07-09 20:41:49.954266,,0.71917504,0.0,None,-28.933002,42.3853,-71.033
2017-07-09 20:41:55.079660,,0.71917504,0.0,None,-28.933002,42.3853,-71.033
2017-07-09 20:42:00.163651,,0.71917504,-0.0,None,-29.183,42.3853,-71.033
2017-07-09 20:42:05.276450,,0.71917504,-0.0,None,-29.183,42.3853,-71.033
2017-07-09 20:42:10.351203,,0.71917504,-0.0,None,-29.183,42.3853,-71.033
2017-07-09 20:42:15.452774,,0.71917504,-0.0,None,-29.183,42.3853,-71.033
2017-07-09 20:42:20.561242,,0.71917504,-0.0,None,-29.432999,42.3853,-71.033
2017-07-09 20:42:25.636688,,0.71917504,-0.0,None,-29.432999,42.3853,-71.033
2017-07-09 20:42:30.721401,,0.71917504,-0.0,None,-29.432999,42.3853,-71.0328
2017-07-09 20:42:35.920377,,0.71917504,-0.011363637,None,-29.933002,42.3853,-71.0328
2017-07-09 20:42:41.002268,,0.71917504,-0.011363637,None,-29.933002,42.3853,-71.0328
2017-07-09 20:42:46.142116,,0.71917504,-0.022727273,None,-30.432999,42.3854,-71.0328
2017-07-09 20:42:51.252991,,0.71917504,-0.022727273,None,-30.432999,42.3854,-71.0328
2017-07-09 20:42:56.340765,,0.71917504,-0.011363637,None,-30.558,42.3854,-71.0328
2017-07-09 20:43:01.466221,,0.71917504,-0.011363637,None,-30.558,42.3854,-71.0328
2017-07-09 20:43:06.605839,,0.71917504,-0.011363637,None,-30.558,42.3854,-71.0326
2017-07-09 20:43:11.956887,,0.71917504,-0.011363637,None,-30.558,42.3854,-71.0326
2017-07-09 20:43:17.054055,,0.71917504,-0.0,None,-30.432999,42.3854,-71.0326
2017-07-09 20:43:22.155243,,0.71917504,-0.0,None,-30.432999,42.3854,-71.0326
2017-07-09 20:43:27.239592,,0.71917504,-0.0,None,-30.432999,42.3854,-71.0326
2017-07-09 20:43:32.846925,,0.71917504,-0.0,None,-30.432999,42.3854,-71.0326
