2017-07-06 16:05:57.065764,AWE2067,214.6334,0.08128,2017-07-06T20:05:20.893Z0:0,10976.153,37.9536,-78.4046
2017-07-06 16:06:02.228779,AWE2067,214.6334,0.08128,2017-07-06T20:05:20.893Z0:0,10976.153,37.9536,-78.4046
2017-07-06 16:06:07.404067,AWE2067,214.6334,0.08128,2017-07-06T20:05:20.893Z0:0,10976.153,37.9536,-78.4046
2017-07-06 16:06:12.565433,AWE2067,214.6334,0.08128,2017-07-06T20:05:20.893Z0:0,10976.153,37.9536,-78.4046
2017-07-06 16:06:17.718509,AWE2067,214.6334,0.08128,2017-07-06T20:05:20.893Z0:0,10976.153,37.9536,-78.4046
2017-07-06 16:06:22.878924,AWE2067,214.6334,0.08128,2017-07-06T20:05:20.893Z0:0,10976.153,37.9536,-78.4046
2017-07-06 16:06:28.055273,AWE2067,214.6334,0.08128,2017-07-06T20:05:20.893Z0:0,10976.153,37.9536,-78.4046
2017-07-06 16:06:33.217111,AWE2067,214.6334,0.08128,2017-07-06T20:05:20.893Z0:0,10976.153,37.9536,-78.4046
2017-07-06 16:06:38.497411,AWE2067,214.0547,0.01016,2017-07-06T20:06:21.542Z0:0,10982.858,37.8692,-78.5069
2017-07-06 16:06:45.175969,AWE2067,214.0547,0.01016,2017-07-06T20:06:21.542Z0:0,10982.858,37.8692,-78.5069
2017-07-06 16:06:50.335319,AWE2067,214.0547,0.01016,2017-07-06T20:06:21.542Z0:0,10982.858,37.8692,-78.5069
2017-07-06 16:06:55.503412,AWE2067,214.0547,0.01016,2017-07-06T20:06:21.542Z0:0,10982.858,37.8692,-78.5069
2017-07-06 16:07:00.670582,AWE2067,214.0547,0.01016,2017-07-06T20:06:21.542Z0:0,10982.858,37.8692,-78.5069
2017-07-06 16:07:05.846349,AWE2067,214.0547,0.01016,2017-07-06T20:06:21.542Z0:0,10982.858,37.8692,-78.5069
2017-07-06 16:07:11.004840,AWE2067,214.0547,0.01016,2017-07-06T20:06:21.542Z0:0,10982.858,37.8692,-78.5069
2017-07-06 16:07:16.209514,AWE2067,214.0547,0.01016,2017-07-06T20:06:21.542Z0:0,10982.858,37.8692,-78.5069
2017-07-06 16:07:21.359445,AWE2067,214.0547,0.01016,2017-07-06T20:06:21.542Z0:0,10982.858,37.8692,-78.5069
2017-07-06 16:07:26.532418,AWE2067,214.0547,0.01016,2017-07-06T20:06:21.542Z0:0,10982.858,37.8692,-78.5069
2017-07-06 16:07:33.207706,AWE2067,214.0547,0.01016,2017-07-06T20:06:21.542Z0:0,10982.858,37.8692,-78.5069
2017-07-06 16:07:38.358999,AWE2067,213.9904,-0.19304,2017-07-06T20:07:22.135Z0:0,10967.313,37.7854,-78.6092
2017-07-06 16:07:43.525469,AWE2067,213.9904,-0.19304,2017-07-06T20:07:22.135Z0:0,10967.313,37.7854,-78.6092
2017-07-06 16:07:48.683242,AWE2067,213.9904,-0.19304,2017-07-06T20:07:22.135Z0:0,10967.313,37.7854,-78.6092
2017-07-06 16:07:53.833998,AWE2067,213.9904,-0.19304,2017-07-06T20:07:22.135Z0:0,10967.313,37.7854,-78.6092
2017-07-06 16:07:58.987561,AWE2067,213.9904,-0.19304,2017-07-06T20:07:22.135Z0:0,10967.313,37.7854,-78.6092
2017-07-06 16:08:04.146678,AWE2067,213.9904,-0.19304,2017-07-06T20:07:22.135Z0:0,10967.313,37.7854,-78.6092
2017-07-06 16:08:09.309142,AWE2067,213.9904,-0.19304,2017-07-06T20:07:22.135Z0:0,10967.313,37.7854,-78.6092
2017-07-06 16:08:14.483714,AWE2067,213.9904,-0.19304,2017-07-06T20:07:22.135Z0:0,10967.313,37.7854,-78.6092
2017-07-06 16:08:21.155932,AWE2067,213.9904,-0.19304,2017-07-06T20:07:22.135Z0:0,10967.313,37.7854,-78.6092
2017-07-06 16:08:26.326268,AWE2067,213.9904,-0.19304,2017-07-06T20:07:22.135Z0:0,10967.313,37.7854,-78.6092
2017-07-06 16:08:31.478996,AWE2067,213.9904,-0.19304,2017-07-06T20:07:22.135Z0:0,10967.313,37.7854,-78.6092
2017-07-06 16:08:36.712995,AWE2067,215.3407,0.07112,2017-07-06T20:08:22.784Z0:0,10967.618,37.7003,-78.7102
2017-07-06 16:08:41.874871,AWE2067,215.3407,0.07112,2017-07-06T20:08:22.784Z0:0,10967.618,37.7003,-78.7102
2017-07-06 16:08:47.031571,AWE2067,215.3407,0.07112,2017-07-06T20:08:22.784Z0:0,10967.618,37.7003,-78.7102
2017-07-06 16:08:53.289217,AWE2067,215.3407,0.07112,2017-07-06T20:08:22.784Z0:0,10967.618,37.7003,-78.7102
2017-07-06 16:08:58.477125,AWE2067,215.3407,0.07112,2017-07-06T20:08:22.784Z0:0,10967.618,37.7003,-78.7102
2017-07-06 16:09:03.639472,AWE2067,215.3407,0.07112,2017-07-06T20:08:22.784Z0:0,10967.618,37.7003,-78.7102
2017-07-06 16:09:10.304813,AWE2067,215.3407,0.07112,2017-07-06T20:08:22.784Z0:0,10967.618,37.7003,-78.7102
2017-07-06 16:09:15.469939,AWE2067,215.3407,0.07112,2017-07-06T20:08:22.784Z0:0,10967.618,37.7003,-78.7102
2017-07-06 16:09:20.620203,AWE2067,215.3407,0.07112,2017-07-06T20:08:22.784Z0:0,10967.618,37.7003,-78.7102
2017-07-06 16:09:25.773511,AWE2067,215.3407,0.07112,2017-07-06T20:08:22.784Z0:0,10967.618,37.7003,-78.7102
2017-07-06 16:09:30.973058,AWE2067,215.3407,0.07112,2017-07-06T20:08:22.784Z0:0,10967.618,37.7003,-78.7102
2017-07-06 16:09:36.123341,AWE2067,214.76201,-4.572,2017-07-06T20:09:23.405Z0:0,10933.48,37.6062,-78.8001
2017-07-06 16:09:41.298227,AWE2067,214.76201,-4.572,2017-07-06T20:09:23.405Z0:0,10933.48,37.6062,-78.8001
2017-07-06 16:09:46.530912,AWE2067,214.76201,-4.572,2017-07-06T20:09:23.405Z0:0,10933.48,37.6062,-78.8001
2017-07-06 16:09:51.678893,AWE2067,214.76201,-4.572,2017-07-06T20:09:23.405Z0:0,10933.48,37.6062,-78.8001
2017-07-06 16:10:02.358897,AWE2067,214.76201,-4.572,2017-07-06T20:09:23.405Z0:0,10933.48,37.6062,-78.8001
2017-07-06 16:10:09.042846,AWE2067,214.76201,-4.572,2017-07-06T20:09:23.405Z0:0,10933.48,37.6062,-78.8001
2017-07-06 16:10:14.205863,AWE2067,214.76201,-4.572,2017-07-06T20:09:23.405Z0:0,10933.48,37.6062,-78.8001
2017-07-06 16:10:19.463945,AWE2067,214.76201,-4.572,2017-07-06T20:09:23.405Z0:0,10933.48,37.6062,-78.8001
2017-07-06 16:10:24.637145,AWE2067,214.76201,-4.572,2017-07-06T20:09:23.405Z0:0,10933.48,37.6062,-78.8001
2017-07-06 16:10:29.794362,AWE2067,214.76201,-4.572,2017-07-06T20:09:23.405Z0:0,10933.48,37.6062,-78.8001
2017-07-06 16:10:34.942169,AWE2067,214.4405,-5.12064,2017-07-06T20:10:24.143Z0:0,10649.712,37.5135,-78.8873
2017-07-06 16:10:40.144942,AWE2067,214.4405,-5.12064,2017-07-06T20:10:24.143Z0:0,10649.712,37.5135,-78.8873
2017-07-06 16:10:45.291664,AWE2067,214.4405,-5.12064,2017-07-06T20:10:24.143Z0:0,10649.712,37.5135,-78.8873
2017-07-06 16:10:50.484569,AWE2067,214.4405,-5.12064,2017-07-06T20:10:24.143Z0:0,10649.712,37.5135,-78.8873
2017-07-06 16:10:57.157430,AWE2067,214.4405,-5.12064,2017-07-06T20:10:24.143Z0:0,10649.712,37.5135,-78.8873
2017-07-06 16:11:02.312864,AWE2067,214.4405,-5.12064,2017-07-06T20:10:24.143Z0:0,10649.712,37.5135,-78.8873
2017-07-06 16:11:07.460918,AWE2067,214.4405,-5.12064,2017-07-06T20:10:24.143Z0:0,10649.712,37.5135,-78.8873
2017-07-06 16:11:12.627555,AWE2067,214.4405,-5.12064,2017-07-06T20:10:24.143Z0:0,10649.712,37.5135,-78.8873
2017-07-06 16:11:17.779500,AWE2067,214.4405,-5.12064,2017-07-06T20:10:24.143Z0:0,10649.712,37.5135,-78.8873
2017-07-06 16:11:22.943032,AWE2067,214.4405,-5.12064,2017-07-06T20:10:24.143Z0:0,10649.712,37.5135,-78.8873
2017-07-06 16:11:28.104684,AWE2067,214.4405,-5.12064,2017-07-06T20:10:24.143Z0:0,10649.712,37.5135,-78.8873
2017-07-06 16:11:33.252298,AWE2067,214.4405,-5.12064,2017-07-06T20:10:24.143Z0:0,10649.712,37.5135,-78.8873
2017-07-06 16:11:38.418690,AWE2067,219.7774,-12.35456,2017-07-06T20:11:24.808Z0:0,9947.758,37.4187,-78.9759
2017-07-06 16:11:45.208015,AWE2067,219.7774,-12.35456,2017-07-06T20:11:24.808Z0:0,9947.758,37.4187,-78.9759
2017-07-06 16:11:50.396931,AWE2067,219.7774,-12.35456,2017-07-06T20:11:24.808Z0:0,9947.758,37.4187,-78.9759
2017-07-06 16:11:55.558872,AWE2067,219.7774,-12.35456,2017-07-06T20:11:24.808Z0:0,9947.758,37.4187,-78.9759
2017-07-06 16:12:00.736269,AWE2067,219.7774,-12.35456,2017-07-06T20:11:24.808Z0:0,9947.758,37.4187,-78.9759
2017-07-06 16:12:05.911875,AWE2067,219.7774,-12.35456,2017-07-06T20:11:24.808Z0:0,9947.758,37.4187,-78.9759
2017-07-06 16:12:11.065425,AWE2067,219.7774,-12.35456,2017-07-06T20:11:24.808Z0:0,9947.758,37.4187,-78.9759
2017-07-06 16:12:16.208713,AWE2067,219.7774,-12.35456,2017-07-06T20:11:24.808Z0:0,9947.758,37.4187,-78.9759
2017-07-06 16:12:21.363966,AWE2067,219.7774,-12.35456,2017-07-06T20:11:24.808Z0:0,9947.758,37.4187,-78.9759
2017-07-06 16:12:26.526502,AWE2067,219.7774,-12.35456,2017-07-06T20:11:24.808Z0:0,9947.758,37.4187,-78.9759
2017-07-06 16:12:33.216584,AWE2067,219.7774,-12.35456,2017-07-06T20:11:24.808Z0:0,9947.758,37.4187,-78.9759
2017-07-06 16:12:39.107260,AWE2067,229.7439,0.53848,2017-07-06T20:12:25.473Z0:0,9746.59,37.3061,-79.0398
2017-07-06 16:12:44.256903,AWE2067,229.7439,0.53848,2017-07-06T20:12:25.473Z0:0,9746.59,37.3061,-79.0398
2017-07-06 16:12:49.407385,AWE2067,229.7439,0.53848,2017-07-06T20:12:25.473Z0:0,9746.59,37.3061,-79.0398
2017-07-06 16:12:54.624861,AWE2067,229.7439,0.53848,2017-07-06T20:12:25.473Z0:0,9746.59,37.3061,-79.0398
2017-07-06 16:12:59.781783,AWE2067,229.7439,0.53848,2017-07-06T20:12:25.473Z0:0,9746.59,37.3061,-79.0398
2017-07-06 16:13:04.985344,AWE2067,229.7439,0.53848,2017-07-06T20:12:25.473Z0:0,9746.59,37.3061,-79.0398
2017-07-06 16:13:10.208417,AWE2067,229.7439,0.53848,2017-07-06T20:12:25.473Z0:0,9746.59,37.3061,-79.0398
2017-07-06 16:13:15.373807,AWE2067,229.7439,0.53848,2017-07-06T20:12:25.473Z0:0,9746.59,37.3061,-79.0398
2017-07-06 16:13:22.059172,AWE2067,229.7439,0.53848,2017-07-06T20:12:25.473Z0:0,9746.59,37.3061,-79.0398
2017-07-06 16:13:27.262686,AWE2067,229.7439,0.53848,2017-07-06T20:12:25.473Z0:0,9746.59,37.3061,-79.0398
2017-07-06 16:13:32.412246,AWE2067,229.7439,0.53848,2017-07-06T20:12:25.473Z0:0,9746.59,37.3061,-79.0398
2017-07-06 16:13:37.569367,AWE2067,225.82161,-0.18288,2017-07-06T20:13:26.58Z0:0,9757.258,37.1935,-79.105
2017-07-06 16:13:42.719900,AWE2067,225.82161,-0.18288,2017-07-06T20:13:26.58Z0:0,9757.258,37.1935,-79.105
2017-07-06 16:13:47.877399,AWE2067,225.82161,-0.18288,2017-07-06T20:13:26.58Z0:0,9757.258,37.1935,-79.105
2017-07-06 16:13:53.024499,AWE2067,225.82161,-0.18288,2017-07-06T20:13:26.58Z0:0,9757.258,37.1935,-79.105
2017-07-06 16:13:58.191618,AWE2067,225.82161,-0.18288,2017-07-06T20:13:26.58Z0:0,9757.258,37.1935,-79.105
2017-07-06 16:14:03.352579,AWE2067,225.82161,-0.18288,2017-07-06T20:13:26.58Z0:0,9757.258,37.1935,-79.105
2017-07-06 16:14:10.027631,AWE2067,225.82161,-0.18288,2017-07-06T20:13:26.58Z0:0,9757.258,37.1935,-79.105
2017-07-06 16:14:15.180284,AWE2067,225.82161,-0.18288,2017-07-06T20:13:26.58Z0:0,9757.258,37.1935,-79.105
2017-07-06 16:14:20.345125,AWE2067,225.82161,-0.18288,2017-07-06T20:13:26.58Z0:0,9757.258,37.1935,-79.105
2017-07-06 16:14:25.505047,AWE2067,225.82161,-0.18288,2017-07-06T20:13:26.58Z0:0,9757.258,37.1935,-79.105
2017-07-06 16:14:30.682034,AWE2067,225.82161,-0.18288,2017-07-06T20:13:26.58Z0:0,9757.258,37.1935,-79.105
2017-07-06 16:14:37.280220,AWE2067,220.9348,-5.36448,2017-07-06T20:14:26.680Z0:0,9655.76,37.0816,-79.1675
2017-07-06 16:14:42.446490,AWE2067,220.9348,-5.36448,2017-07-06T20:14:26.680Z0:0,9655.76,37.0816,-79.1675
2017-07-06 16:14:47.636611,AWE2067,220.9348,-5.36448,2017-07-06T20:14:26.680Z0:0,9655.76,37.0816,-79.1675
2017-07-06 16:14:52.823392,AWE2067,220.9348,-5.36448,2017-07-06T20:14:26.680Z0:0,9655.76,37.0816,-79.1675
2017-07-06 16:14:59.507430,AWE2067,220.9348,-5.36448,2017-07-06T20:14:26.680Z0:0,9655.76,37.0816,-79.1675
2017-07-06 16:15:04.671679,AWE2067,220.9348,-5.36448,2017-07-06T20:14:26.680Z0:0,9655.76,37.0816,-79.1675
2017-07-06 16:15:09.842052,AWE2067,220.9348,-5.36448,2017-07-06T20:14:26.680Z0:0,9655.76,37.0816,-79.1675
2017-07-06 16:15:14.998328,AWE2067,220.9348,-5.36448,2017-07-06T20:14:26.680Z0:0,9655.76,37.0816,-79.1675
2017-07-06 16:15:20.153279,AWE2067,220.9348,-5.36448,2017-07-06T20:14:26.680Z0:0,9655.76,37.0816,-79.1675
2017-07-06 16:15:25.325197,AWE2067,220.9348,-5.36448,2017-07-06T20:14:26.680Z0:0,9655.76,37.0816,-79.1675
2017-07-06 16:15:30.480100,AWE2067,220.9348,-5.36448,2017-07-06T20:14:26.680Z0:0,9655.76,37.0816,-79.1675
2017-07-06 16:15:35.648243,AWE2067,200.4231,-8.71728,2017-07-06T20:15:27.241Z0:0,9255.557,36.9779,-79.2279
2017-07-06 16:15:40.798348,AWE2067,200.4231,-8.71728,2017-07-06T20:15:27.241Z0:0,9255.557,36.9779,-79.2279
2017-07-06 16:15:47.482779,AWE2067,200.4231,-8.71728,2017-07-06T20:15:27.241Z0:0,9255.557,36.9779,-79.2279
2017-07-06 16:15:52.638394,AWE2067,200.4231,-8.71728,2017-07-06T20:15:27.241Z0:0,9255.557,36.9779,-79.2279
2017-07-06 16:15:57.800761,AWE2067,200.4231,-8.71728,2017-07-06T20:15:27.241Z0:0,9255.557,36.9779,-79.2279
2017-07-06 16:16:03.018378,AWE2067,200.4231,-8.71728,2017-07-06T20:15:27.241Z0:0,9255.557,36.9779,-79.2279
2017-07-06 16:16:08.180495,AWE2067,200.4231,-8.71728,2017-07-06T20:15:27.241Z0:0,9255.557,36.9779,-79.2279
2017-07-06 16:16:13.330536,AWE2067,200.4231,-8.71728,2017-07-06T20:15:27.241Z0:0,9255.557,36.9779,-79.2279
2017-07-06 16:16:18.484982,AWE2067,200.4231,-8.71728,2017-07-06T20:15:27.241Z0:0,9255.557,36.9779,-79.2279
2017-07-06 16:16:23.631458,AWE2067,200.4231,-8.71728,2017-07-06T20:15:27.241Z0:0,9255.557,36.9779,-79.2279
2017-07-06 16:16:28.794134,AWE2067,200.4231,-8.71728,2017-07-06T20:15:27.241Z0:0,9255.557,36.9779,-79.2279
2017-07-06 16:16:35.482823,AWE2067,193.6073,-9.94664,2017-07-06T20:16:27.854Z0:0,8652.662,36.8825,-79.289
2017-07-06 16:16:40.642715,AWE2067,193.6073,-9.94664,2017-07-06T20:16:27.854Z0:0,8652.662,36.8825,-79.289
2017-07-06 16:16:45.967888,AWE2067,193.6073,-9.94664,2017-07-06T20:16:27.854Z0:0,8652.662,36.8825,-79.289
2017-07-06 16:16:51.226643,AWE2067,193.6073,-9.94664,2017-07-06T20:16:27.854Z0:0,8652.662,36.8825,-79.289
2017-07-06 16:16:56.376188,AWE2067,193.6073,-9.94664,2017-07-06T20:16:27.854Z0:0,8652.662,36.8825,-79.289
2017-07-06 16:17:01.890273,AWE2067,193.6073,-9.94664,2017-07-06T20:16:27.854Z0:0,8652.662,36.8825,-79.289
2017-07-06 16:17:07.039592,AWE2067,193.6073,-9.94664,2017-07-06T20:16:27.854Z0:0,8652.662,36.8825,-79.289
2017-07-06 16:17:12.201181,AWE2067,193.6073,-9.94664,2017-07-06T20:16:27.854Z0:0,8652.662,36.8825,-79.289
2017-07-06 16:17:17.368756,AWE2067,193.6073,-9.94664,2017-07-06T20:16:27.854Z0:0,8652.662,36.8825,-79.289
2017-07-06 16:17:24.060333,AWE2067,193.6073,-9.94664,2017-07-06T20:16:27.854Z0:0,8652.662,36.8825,-79.289
2017-07-06 16:17:29.209898,AWE2067,193.6073,-9.94664,2017-07-06T20:16:27.854Z0:0,8652.662,36.8825,-79.289
2017-07-06 16:17:34.361775,AWE2067,193.6073,-9.94664,2017-07-06T20:16:27.854Z0:0,8652.662,36.8825,-79.289
2017-07-06 16:17:39.517849,AWE2067,193.2858,0.27432,2017-07-06T20:17:28.472Z0:0,8532.571,36.7898,-79.3522
2017-07-06 16:17:44.667025,AWE2067,193.2858,0.27432,2017-07-06T20:17:28.472Z0:0,8532.571,36.7898,-79.3522
2017-07-06 16:17:49.899368,AWE2067,193.2858,0.27432,2017-07-06T20:17:28.472Z0:0,8532.571,36.7898,-79.3522
2017-07-06 16:17:55.061502,AWE2067,193.2858,0.27432,2017-07-06T20:17:28.472Z0:0,8532.571,36.7898,-79.3522
2017-07-06 16:18:00.238238,AWE2067,193.2858,0.27432,2017-07-06T20:17:28.472Z0:0,8532.571,36.7898,-79.3522
2017-07-06 16:18:05.388285,AWE2067,193.2858,0.27432,2017-07-06T20:17:28.472Z0:0,8532.571,36.7898,-79.3522
2017-07-06 16:18:12.098217,AWE2067,193.2858,0.27432,2017-07-06T20:17:28.472Z0:0,8532.571,36.7898,-79.3522
2017-07-06 16:18:17.272266,AWE2067,193.2858,0.27432,2017-07-06T20:17:28.472Z0:0,8532.571,36.7898,-79.3522
2017-07-06 16:18:22.420875,AWE2067,193.2858,0.27432,2017-07-06T20:17:28.472Z0:0,8532.571,36.7898,-79.3522
2017-07-06 16:18:27.596402,AWE2067,193.2858,0.27432,2017-07-06T20:17:28.472Z0:0,8532.571,36.7898,-79.3522
2017-07-06 16:18:32.901424,AWE2067,193.2858,0.27432,2017-07-06T20:17:28.472Z0:0,8532.571,36.7898,-79.3522
2017-07-06 16:18:38.059651,AWE2067,187.6917,-6.96976,2017-07-06T20:18:29.36Z0:0,8473.44,36.7088,-79.4318
2017-07-06 16:18:43.227756,AWE2067,187.6917,-6.96976,2017-07-06T20:18:29.36Z0:0,8473.44,36.7088,-79.4318
2017-07-06 16:18:48.404758,AWE2067,187.6917,-6.96976,2017-07-06T20:18:29.36Z0:0,8473.44,36.7088,-79.4318
2017-07-06 16:18:53.552671,AWE2067,187.6917,-6.96976,2017-07-06T20:18:29.36Z0:0,8473.44,36.7088,-79.4318
2017-07-06 16:19:00.223041,AWE2067,187.6917,-6.96976,2017-07-06T20:18:29.36Z0:0,8473.44,36.7088,-79.4318
2017-07-06 16:19:05.421784,AWE2067,187.6917,-6.96976,2017-07-06T20:18:29.36Z0:0,8473.44,36.7088,-79.4318
2017-07-06 16:19:10.578438,AWE2067,187.6917,-6.96976,2017-07-06T20:18:29.36Z0:0,8473.44,36.7088,-79.4318
2017-07-06 16:19:15.732719,AWE2067,187.6917,-6.96976,2017-07-06T20:18:29.36Z0:0,8473.44,36.7088,-79.4318
2017-07-06 16:19:20.890957,AWE2067,187.6917,-6.96976,2017-07-06T20:18:29.36Z0:0,8473.44,36.7088,-79.4318
2017-07-06 16:19:26.057914,AWE2067,187.6917,-6.96976,2017-07-06T20:18:29.36Z0:0,8473.44,36.7088,-79.4318
2017-07-06 16:19:31.209314,AWE2067,187.6917,-6.96976,2017-07-06T20:18:29.36Z0:0,8473.44,36.7088,-79.4318
2017-07-06 16:19:36.382746,AWE2067,185.3126,-7.6708,2017-07-06T20:19:19.658Z0:0,7970.52,36.6463,-79.5033
2017-07-06 16:19:41.544992,AWE2067,185.3126,-7.6708,2017-07-06T20:19:19.658Z0:0,7970.52,36.6463,-79.5033
2017-07-06 16:19:50.224549,AWE2067,185.3126,-7.6708,2017-07-06T20:19:19.658Z0:0,7970.52,36.6463,-79.5033
2017-07-06 16:19:55.420664,AWE2067,185.3126,-7.6708,2017-07-06T20:19:19.658Z0:0,7970.52,36.6463,-79.5033
2017-07-06 16:20:00.568113,AWE2067,185.3126,-7.6708,2017-07-06T20:19:19.658Z0:0,7970.52,36.6463,-79.5033
2017-07-06 16:20:05.733629,AWE2067,185.3126,-7.6708,2017-07-06T20:19:19.658Z0:0,7970.52,36.6463,-79.5033
2017-07-06 16:20:10.887156,AWE2067,185.3126,-7.6708,2017-07-06T20:19:19.658Z0:0,7970.52,36.6463,-79.5033
2017-07-06 16:20:16.036161,AWE2067,185.3126,-7.6708,2017-07-06T20:19:19.658Z0:0,7970.52,36.6463,-79.5033
2017-07-06 16:20:21.194508,AWE2067,185.3126,-7.6708,2017-07-06T20:19:19.658Z0:0,7970.52,36.6463,-79.5033
2017-07-06 16:20:26.368058,AWE2067,185.3126,-7.6708,2017-07-06T20:19:19.658Z0:0,7970.52,36.6463,-79.5033
2017-07-06 16:20:31.526542,AWE2067,185.3126,-7.6708,2017-07-06T20:19:19.658Z0:0,7970.52,36.6463,-79.5033
2017-07-06 16:20:38.225040,AWE2067,179.3327,-7.45744,2017-07-06T20:20:20.291Z0:0,7501.128,36.5728,-79.5863
2017-07-06 16:20:43.390126,AWE2067,179.3327,-7.45744,2017-07-06T20:20:20.291Z0:0,7501.128,36.5728,-79.5863
2017-07-06 16:20:48.572931,AWE2067,179.3327,-7.45744,2017-07-06T20:20:20.291Z0:0,7501.128,36.5728,-79.5863
2017-07-06 16:20:53.732020,AWE2067,179.3327,-7.45744,2017-07-06T20:20:20.291Z0:0,7501.128,36.5728,-79.5863
2017-07-06 16:20:58.882411,AWE2067,179.3327,-7.45744,2017-07-06T20:20:20.291Z0:0,7501.128,36.5728,-79.5863
2017-07-06 16:21:04.035786,AWE2067,179.3327,-7.45744,2017-07-06T20:20:20.291Z0:0,7501.128,36.5728,-79.5863
2017-07-06 16:21:09.187338,AWE2067,179.3327,-7.45744,2017-07-06T20:20:20.291Z0:0,7501.128,36.5728,-79.5863
2017-07-06 16:21:14.392080,AWE2067,179.3327,-7.45744,2017-07-06T20:20:20.291Z0:0,7501.128,36.5728,-79.5863
2017-07-06 16:21:19.562810,AWE2067,179.3327,-7.45744,2017-07-06T20:20:20.291Z0:0,7501.128,36.5728,-79.5863
2017-07-06 16:21:26.252510,AWE2067,179.3327,-7.45744,2017-07-06T20:20:20.291Z0:0,7501.128,36.5728,-79.5863
2017-07-06 16:21:31.415686,AWE2067,179.3327,-7.45744,2017-07-06T20:20:20.291Z0:0,7501.128,36.5728,-79.5863
2017-07-06 16:21:36.603305,AWE2067,196.8866,0.23368,2017-07-06T20:21:20.911Z0:0,7311.238,36.4993,-79.6708
2017-07-06 16:21:41.772999,AWE2067,196.8866,0.23368,2017-07-06T20:21:20.911Z0:0,7311.238,36.4993,-79.6708
2017-07-06 16:21:46.943011,AWE2067,196.8866,0.23368,2017-07-06T20:21:20.911Z0:0,7311.238,36.4993,-79.6708
2017-07-06 16:21:52.169848,AWE2067,196.8866,0.23368,2017-07-06T20:21:20.911Z0:0,7311.238,36.4993,-79.6708
2017-07-06 16:21:57.487718,AWE2067,196.8866,0.23368,2017-07-06T20:21:20.911Z0:0,7311.238,36.4993,-79.6708
2017-07-06 16:22:02.645466,AWE2067,196.8866,0.23368,2017-07-06T20:21:20.911Z0:0,7311.238,36.4993,-79.6708
2017-07-06 16:22:07.793925,AWE2067,196.8866,0.23368,2017-07-06T20:21:20.911Z0:0,7311.238,36.4993,-79.6708
2017-07-06 16:22:14.487664,AWE2067,196.8866,0.23368,2017-07-06T20:21:20.911Z0:0,7311.238,36.4993,-79.6708
2017-07-06 16:22:19.651177,AWE2067,196.8866,0.23368,2017-07-06T20:21:20.911Z0:0,7311.238,36.4993,-79.6708
2017-07-06 16:22:24.808203,AWE2067,196.8866,0.23368,2017-07-06T20:21:20.911Z0:0,7311.238,36.4993,-79.6708
2017-07-06 16:22:29.972974,AWE2067,196.8866,0.23368,2017-07-06T20:21:20.911Z0:0,7311.238,36.4993,-79.6708
2017-07-06 16:22:35.126210,AWE2067,205.2456,-0.121920004,2017-07-06T20:22:21.565Z0:0,7316.4194,36.4176,-79.7642
2017-07-06 16:22:40.814355,AWE2067,205.2456,-0.121920004,2017-07-06T20:22:21.565Z0:0,7316.4194,36.4176,-79.7642
2017-07-06 16:22:46.027176,AWE2067,205.2456,-0.121920004,2017-07-06T20:22:21.565Z0:0,7316.4194,36.4176,-79.7642
2017-07-06 16:22:51.270332,AWE2067,205.2456,-0.121920004,2017-07-06T20:22:21.565Z0:0,7316.4194,36.4176,-79.7642
2017-07-06 16:22:56.453344,AWE2067,205.2456,-0.121920004,2017-07-06T20:22:21.565Z0:0,7316.4194,36.4176,-79.7642
2017-07-06 16:23:03.132273,AWE2067,205.2456,-0.121920004,2017-07-06T20:22:21.565Z0:0,7316.4194,36.4176,-79.7642
2017-07-06 16:23:08.287005,AWE2067,205.2456,-0.121920004,2017-07-06T20:22:21.565Z0:0,7316.4194,36.4176,-79.7642
2017-07-06 16:23:13.449678,AWE2067,205.2456,-0.121920004,2017-07-06T20:22:21.565Z0:0,7316.4194,36.4176,-79.7642
2017-07-06 16:23:18.599900,AWE2067,205.2456,-0.121920004,2017-07-06T20:22:21.565Z0:0,7316.4194,36.4176,-79.7642
2017-07-06 16:23:23.754972,AWE2067,205.2456,-0.121920004,2017-07-06T20:22:21.565Z0:0,7316.4194,36.4176,-79.7642
2017-07-06 16:23:28.916073,AWE2067,205.2456,-0.121920004,2017-07-06T20:22:21.565Z0:0,7316.4194,36.4176,-79.7642
2017-07-06 16:23:36.009176,AWE2067,205.2456,-0.121920004,2017-07-06T20:22:21.565Z0:0,7316.4194,36.4176,-79.7642
2017-07-06 16:23:41.172287,AWE2067,206.2101,-0.28448,2017-07-06T20:23:22.211Z0:0,7315.505,36.3338,-79.8589
2017-07-06 16:23:46.324735,AWE2067,206.2101,-0.28448,2017-07-06T20:23:22.211Z0:0,7315.505,36.3338,-79.8589
2017-07-06 16:23:52.993732,AWE2067,206.2101,-0.28448,2017-07-06T20:23:22.211Z0:0,7315.505,36.3338,-79.8589
2017-07-06 16:23:59.515957,AWE2067,206.2101,-0.28448,2017-07-06T20:23:22.211Z0:0,7315.505,36.3338,-79.8589
2017-07-06 16:24:04.658956,AWE2067,206.2101,-0.28448,2017-07-06T20:23:22.211Z0:0,7315.505,36.3338,-79.8589
2017-07-06 16:24:09.814756,AWE2067,206.2101,-0.28448,2017-07-06T20:23:22.211Z0:0,7315.505,36.3338,-79.8589
2017-07-06 16:24:14.971010,AWE2067,206.2101,-0.28448,2017-07-06T20:23:22.211Z0:0,7315.505,36.3338,-79.8589
2017-07-06 16:24:20.117960,AWE2067,206.2101,-0.28448,2017-07-06T20:23:22.211Z0:0,7315.505,36.3338,-79.8589
2017-07-06 16:24:25.270926,AWE2067,206.2101,-0.28448,2017-07-06T20:23:22.211Z0:0,7315.505,36.3338,-79.8589
2017-07-06 16:24:30.435017,AWE2067,206.2101,-0.28448,2017-07-06T20:23:22.211Z0:0,7315.505,36.3338,-79.8589
2017-07-06 16:24:35.625481,AWE2067,207.1746,-0.060960002,2017-07-06T20:24:23.08Z0:0,7315.2,36.2514,-79.9516
2017-07-06 16:24:44.292028,AWE2067,207.1746,-0.060960002,2017-07-06T20:24:23.08Z0:0,7315.2,36.2514,-79.9516
2017-07-06 16:24:49.464089,AWE2067,207.1746,-0.060960002,2017-07-06T20:24:23.08Z0:0,7315.2,36.2514,-79.9516
2017-07-06 16:24:54.635777,AWE2067,207.1746,-0.060960002,2017-07-06T20:24:23.08Z0:0,7315.2,36.2514,-79.9516
2017-07-06 16:24:59.846735,AWE2067,207.1746,-0.060960002,2017-07-06T20:24:23.08Z0:0,7315.2,36.2514,-79.9516
2017-07-06 16:25:05.002839,AWE2067,207.1746,-0.060960002,2017-07-06T20:24:23.08Z0:0,7315.2,36.2514,-79.9516
2017-07-06 16:25:10.169568,AWE2067,207.1746,-0.060960002,2017-07-06T20:24:23.08Z0:0,7315.2,36.2514,-79.9516
2017-07-06 16:25:15.323404,AWE2067,207.1746,-0.060960002,2017-07-06T20:24:23.08Z0:0,7315.2,36.2514,-79.9516
2017-07-06 16:25:20.473306,AWE2067,207.1746,-0.060960002,2017-07-06T20:24:23.08Z0:0,7315.2,36.2514,-79.9516
2017-07-06 16:25:25.638578,AWE2067,207.1746,-0.060960002,2017-07-06T20:24:23.08Z0:0,7315.2,36.2514,-79.9516
2017-07-06 16:25:32.318363,AWE2067,207.1746,-0.060960002,2017-07-06T20:24:23.08Z0:0,7315.2,36.2514,-79.9516
2017-07-06 16:25:37.462815,AWE2067,192.3856,-6.72592,2017-07-06T20:25:23.645Z0:0,7262.165,36.1704,-80.043
2017-07-06 16:25:42.621776,AWE2067,192.3856,-6.72592,2017-07-06T20:25:23.645Z0:0,7262.165,36.1704,-80.043
2017-07-06 16:25:47.772833,AWE2067,192.3856,-6.72592,2017-07-06T20:25:23.645Z0:0,7262.165,36.1704,-80.043
2017-07-06 16:25:52.930340,AWE2067,192.3856,-6.72592,2017-07-06T20:25:23.645Z0:0,7262.165,36.1704,-80.043
2017-07-06 16:25:58.077844,AWE2067,192.3856,-6.72592,2017-07-06T20:25:23.645Z0:0,7262.165,36.1704,-80.043
2017-07-06 16:26:03.237379,AWE2067,192.3856,-6.72592,2017-07-06T20:25:23.645Z0:0,7262.165,36.1704,-80.043
2017-07-06 16:26:08.391564,AWE2067,192.3856,-6.72592,2017-07-06T20:25:23.645Z0:0,7262.165,36.1704,-80.043
2017-07-06 16:26:13.543447,AWE2067,192.3856,-6.72592,2017-07-06T20:25:23.645Z0:0,7262.165,36.1704,-80.043
2017-07-06 16:26:20.218853,AWE2067,192.3856,-6.72592,2017-07-06T20:25:23.645Z0:0,7262.165,36.1704,-80.043
2017-07-06 16:26:25.381938,AWE2067,192.3856,-6.72592,2017-07-06T20:25:23.645Z0:0,7262.165,36.1704,-80.043
2017-07-06 16:26:30.535233,AWE2067,192.3856,-6.72592,2017-07-06T20:25:23.645Z0:0,7262.165,36.1704,-80.043
2017-07-06 16:26:35.697460,AWE2067,183.9623,-7.39648,2017-07-06T20:26:24.246Z0:0,6718.0967,36.0949,-80.1288
2017-07-06 16:26:40.853577,AWE2067,183.9623,-7.39648,2017-07-06T20:26:24.246Z0:0,6718.0967,36.0949,-80.1288
2017-07-06 16:26:46.029947,AWE2067,183.9623,-7.39648,2017-07-06T20:26:24.246Z0:0,6718.0967,36.0949,-80.1288
2017-07-06 16:26:51.184422,AWE2067,183.9623,-7.39648,2017-07-06T20:26:24.246Z0:0,6718.0967,36.0949,-80.1288
2017-07-06 16:26:56.406858,AWE2067,183.9623,-7.39648,2017-07-06T20:26:24.246Z0:0,6718.0967,36.0949,-80.1288
2017-07-06 16:27:01.595809,AWE2067,183.9623,-7.39648,2017-07-06T20:26:24.246Z0:0,6718.0967,36.0949,-80.1288
2017-07-06 16:27:08.266225,AWE2067,183.9623,-7.39648,2017-07-06T20:26:24.246Z0:0,6718.0967,36.0949,-80.1288
2017-07-06 16:27:13.427185,AWE2067,183.9623,-7.39648,2017-07-06T20:26:24.246Z0:0,6718.0967,36.0949,-80.1288
2017-07-06 16:27:18.593383,AWE2067,183.9623,-7.39648,2017-07-06T20:26:24.246Z0:0,6718.0967,36.0949,-80.1288
2017-07-06 16:27:23.747416,AWE2067,183.9623,-7.39648,2017-07-06T20:26:24.246Z0:0,6718.0967,36.0949,-80.1288
2017-07-06 16:27:28.929250,AWE2067,183.9623,-7.39648,2017-07-06T20:26:24.246Z0:0,6718.0967,36.0949,-80.1288
2017-07-06 16:27:34.075035,AWE2067,183.9623,-7.39648,2017-07-06T20:26:24.246Z0:0,6718.0967,36.0949,-80.1288
2017-07-06 16:27:40.619345,AWE2067,178.3682,-9.89584,2017-07-06T20:27:24.855Z0:0,6160.9224,36.0214,-80.2112
2017-07-06 16:27:45.803168,AWE2067,178.3682,-9.89584,2017-07-06T20:27:24.855Z0:0,6160.9224,36.0214,-80.2112
2017-07-06 16:27:50.950106,AWE2067,178.3682,-9.89584,2017-07-06T20:27:24.855Z0:0,6160.9224,36.0214,-80.2112
2017-07-06 16:27:57.633257,AWE2067,178.3682,-9.89584,2017-07-06T20:27:24.855Z0:0,6160.9224,36.0214,-80.2112
2017-07-06 16:28:02.828360,AWE2067,178.3682,-9.89584,2017-07-06T20:27:24.855Z0:0,6160.9224,36.0214,-80.2112
2017-07-06 16:28:07.982042,AWE2067,178.3682,-9.89584,2017-07-06T20:27:24.855Z0:0,6160.9224,36.0214,-80.2112
2017-07-06 16:28:13.128891,AWE2067,178.3682,-9.89584,2017-07-06T20:27:24.855Z0:0,6160.9224,36.0214,-80.2112
2017-07-06 16:28:18.281087,AWE2067,178.3682,-9.89584,2017-07-06T20:27:24.855Z0:0,6160.9224,36.0214,-80.2112
2017-07-06 16:28:23.451967,AWE2067,178.3682,-9.89584,2017-07-06T20:27:24.855Z0:0,6160.9224,36.0214,-80.2112
2017-07-06 16:28:28.616374,AWE2067,178.3682,-9.89584,2017-07-06T20:27:24.855Z0:0,6160.9224,36.0214,-80.2112
2017-07-06 16:28:33.780035,AWE2067,178.3682,-9.89584,2017-07-06T20:27:24.855Z0:0,6160.9224,36.0214,-80.2112
2017-07-06 16:28:40.676488,AWE2067,169.4305,-15.3924,2017-07-06T20:28:25.501Z0:0,5368.747,35.95,-80.2908
2017-07-06 16:28:47.355484,AWE2067,169.4305,-15.3924,2017-07-06T20:28:25.501Z0:0,5368.747,35.95,-80.2908
2017-07-06 16:28:52.507712,AWE2067,169.4305,-15.3924,2017-07-06T20:28:25.501Z0:0,5368.747,35.95,-80.2908
2017-07-06 16:28:57.670864,AWE2067,169.4305,-15.3924,2017-07-06T20:28:25.501Z0:0,5368.747,35.95,-80.2908
2017-07-06 16:29:02.832602,AWE2067,169.4305,-15.3924,2017-07-06T20:28:25.501Z0:0,5368.747,35.95,-80.2908
2017-07-06 16:29:07.984424,AWE2067,169.4305,-15.3924,2017-07-06T20:28:25.501Z0:0,5368.747,35.95,-80.2908
2017-07-06 16:29:13.141237,AWE2067,169.4305,-15.3924,2017-07-06T20:28:25.501Z0:0,5368.747,35.95,-80.2908
2017-07-06 16:29:18.300424,AWE2067,169.4305,-15.3924,2017-07-06T20:28:25.501Z0:0,5368.747,35.95,-80.2908
2017-07-06 16:29:23.459350,AWE2067,169.4305,-15.3924,2017-07-06T20:28:25.501Z0:0,5368.747,35.95,-80.2908
2017-07-06 16:29:28.619718,AWE2067,169.4305,-15.3924,2017-07-06T20:28:25.501Z0:0,5368.747,35.95,-80.2908
2017-07-06 16:29:35.431280,AWE2067,165.37961,-9.76376,2017-07-06T20:29:26.90Z0:0,4488.485,35.8834,-80.3657
2017-07-06 16:29:40.580873,AWE2067,165.37961,-9.76376,2017-07-06T20:29:26.90Z0:0,4488.485,35.8834,-80.3657
2017-07-06 16:29:45.738357,AWE2067,165.37961,-9.76376,2017-07-06T20:29:26.90Z0:0,4488.485,35.8834,-80.3657
2017-07-06 16:29:50.897105,AWE2067,165.37961,-9.76376,2017-07-06T20:29:26.90Z0:0,4488.485,35.8834,-80.3657
2017-07-06 16:29:56.059893,AWE2067,165.37961,-9.76376,2017-07-06T20:29:26.90Z0:0,4488.485,35.8834,-80.3657
2017-07-06 16:30:01.217814,AWE2067,165.37961,-9.76376,2017-07-06T20:29:26.90Z0:0,4488.485,35.8834,-80.3657
2017-07-06 16:30:06.440943,AWE2067,165.37961,-9.76376,2017-07-06T20:29:26.90Z0:0,4488.485,35.8834,-80.3657
2017-07-06 16:30:11.601530,AWE2067,165.37961,-9.76376,2017-07-06T20:29:26.90Z0:0,4488.485,35.8834,-80.3657
2017-07-06 16:30:16.768646,AWE2067,165.37961,-9.76376,2017-07-06T20:29:26.90Z0:0,4488.485,35.8834,-80.3657
2017-07-06 16:30:23.442422,AWE2067,165.37961,-9.76376,2017-07-06T20:29:26.90Z0:0,4488.485,35.8834,-80.3657
2017-07-06 16:30:28.605206,AWE2067,165.37961,-9.76376,2017-07-06T20:29:26.90Z0:0,4488.485,35.8834,-80.3657
2017-07-06 16:30:33.766167,AWE2067,165.37961,-9.76376,2017-07-06T20:29:26.90Z0:0,4488.485,35.8834,-80.3657
2017-07-06 16:30:40.590101,AWE2067,151.3622,-8.24992,2017-07-06T20:30:26.691Z0:0,4023.0552,35.8202,-80.4343
2017-07-06 16:30:45.750759,AWE2067,151.3622,-8.24992,2017-07-06T20:30:26.691Z0:0,4023.0552,35.8202,-80.4343
2017-07-06 16:30:50.906626,AWE2067,151.3622,-8.24992,2017-07-06T20:30:26.691Z0:0,4023.0552,35.8202,-80.4343
2017-07-06 16:30:56.149553,AWE2067,151.3622,-8.24992,2017-07-06T20:30:26.691Z0:0,4023.0552,35.8202,-80.4343
2017-07-06 16:31:01.314644,AWE2067,151.3622,-8.24992,2017-07-06T20:30:26.691Z0:0,4023.0552,35.8202,-80.4343
2017-07-06 16:31:06.483719,AWE2067,151.3622,-8.24992,2017-07-06T20:30:26.691Z0:0,4023.0552,35.8202,-80.4343
2017-07-06 16:31:13.148269,AWE2067,151.3622,-8.24992,2017-07-06T20:30:26.691Z0:0,4023.0552,35.8202,-80.4343
2017-07-06 16:31:18.296804,AWE2067,151.3622,-8.24992,2017-07-06T20:30:26.691Z0:0,4023.0552,35.8202,-80.4343
2017-07-06 16:31:23.452878,AWE2067,151.3622,-8.24992,2017-07-06T20:30:26.691Z0:0,4023.0552,35.8202,-80.4343
2017-07-06 16:31:28.622768,AWE2067,151.3622,-8.24992,2017-07-06T20:30:26.691Z0:0,4023.0552,35.8202,-80.4343
2017-07-06 16:31:33.787499,AWE2067,151.3622,-8.24992,2017-07-06T20:30:26.691Z0:0,4023.0552,35.8202,-80.4343
2017-07-06 16:31:40.556947,AWE2067,149.8833,-7.91464,2017-07-06T20:31:27.260Z0:0,3542.0808,35.7557,-80.4961
2017-07-06 16:31:45.715123,AWE2067,149.8833,-7.91464,2017-07-06T20:31:27.260Z0:0,3542.0808,35.7557,-80.4961
2017-07-06 16:31:50.869216,AWE2067,149.8833,-7.91464,2017-07-06T20:31:27.260Z0:0,3542.0808,35.7557,-80.4961
2017-07-06 16:31:56.032526,AWE2067,149.8833,-7.91464,2017-07-06T20:31:27.260Z0:0,3542.0808,35.7557,-80.4961
2017-07-06 16:32:02.869424,AWE2067,149.8833,-7.91464,2017-07-06T20:31:27.260Z0:0,3542.0808,35.7557,-80.4961
2017-07-06 16:32:08.022762,AWE2067,149.8833,-7.91464,2017-07-06T20:31:27.260Z0:0,3542.0808,35.7557,-80.4961
2017-07-06 16:32:13.229390,AWE2067,149.8833,-7.91464,2017-07-06T20:31:27.260Z0:0,3542.0808,35.7557,-80.4961
2017-07-06 16:32:18.375151,AWE2067,149.8833,-7.91464,2017-07-06T20:31:27.260Z0:0,3542.0808,35.7557,-80.4961
2017-07-06 16:32:23.531028,AWE2067,149.8833,-7.91464,2017-07-06T20:31:27.260Z0:0,3542.0808,35.7557,-80.4961
2017-07-06 16:32:28.683705,AWE2067,149.8833,-7.91464,2017-07-06T20:31:27.260Z0:0,3542.0808,35.7557,-80.4961
2017-07-06 16:32:33.843006,AWE2067,149.8833,-7.91464,2017-07-06T20:31:27.260Z0:0,3542.0808,35.7557,-80.4961
2017-07-06 16:32:39.959216,AWE2067,151.105,-6.25856,2017-07-06T20:32:27.933Z0:0,3090.3672,35.6788,-80.5312
2017-07-06 16:32:45.111438,AWE2067,151.105,-6.25856,2017-07-06T20:32:27.933Z0:0,3090.3672,35.6788,-80.5312
2017-07-06 16:32:51.791279,AWE2067,151.105,-6.25856,2017-07-06T20:32:27.933Z0:0,3090.3672,35.6788,-80.5312
2017-07-06 16:32:56.945121,AWE2067,151.105,-6.25856,2017-07-06T20:32:27.933Z0:0,3090.3672,35.6788,-80.5312
2017-07-06 16:33:02.099462,AWE2067,151.105,-6.25856,2017-07-06T20:32:27.933Z0:0,3090.3672,35.6788,-80.5312
2017-07-06 16:33:07.255228,AWE2067,151.105,-6.25856,2017-07-06T20:32:27.933Z0:0,3090.3672,35.6788,-80.5312
2017-07-06 16:33:12.414002,AWE2067,151.105,-6.25856,2017-07-06T20:32:27.933Z0:0,3090.3672,35.6788,-80.5312
2017-07-06 16:33:17.562975,AWE2067,151.105,-6.25856,2017-07-06T20:32:27.933Z0:0,3090.3672,35.6788,-80.5312
2017-07-06 16:33:22.711724,AWE2067,151.105,-6.25856,2017-07-06T20:32:27.933Z0:0,3090.3672,35.6788,-80.5312
2017-07-06 16:33:29.243208,AWE2067,151.105,-6.25856,2017-07-06T20:32:27.933Z0:0,3090.3672,35.6788,-80.5312
2017-07-06 16:33:34.393033,AWE2067,151.105,-6.25856,2017-07-06T20:32:27.933Z0:0,3090.3672,35.6788,-80.5312
2017-07-06 16:33:39.588800,AWE2067,133.101,-4.5008802,2017-07-06T20:33:28.595Z0:0,2681.9353,35.6039,-80.5648
2017-07-06 16:33:59.356407,AWE2067,133.101,-4.5008802,2017-07-06T20:33:28.595Z0:0,2681.9353,35.6039,-80.5648
2017-07-06 16:34:06.035907,AWE2067,133.101,-4.5008802,2017-07-06T20:33:28.595Z0:0,2681.9353,35.6039,-80.5648
2017-07-06 16:34:11.216115,AWE2067,133.101,-4.5008802,2017-07-06T20:33:28.595Z0:0,2681.9353,35.6039,-80.5648
2017-07-06 16:34:16.367725,AWE2067,133.101,-4.5008802,2017-07-06T20:33:28.595Z0:0,2681.9353,35.6039,-80.5648
2017-07-06 16:34:21.831640,AWE2067,133.101,-4.5008802,2017-07-06T20:33:28.595Z0:0,2681.9353,35.6039,-80.5648
2017-07-06 16:34:26.984017,AWE2067,133.101,-4.5008802,2017-07-06T20:33:28.595Z0:0,2681.9353,35.6039,-80.5648
2017-07-06 16:34:32.169406,AWE2067,133.101,-4.5008802,2017-07-06T20:33:28.595Z0:0,2681.9353,35.6039,-80.5648
2017-07-06 16:34:37.319208,AWE2067,118.6335,-8.51408,2017-07-06T20:34:19.247Z0:0,2398.4712,35.5524,-80.5923
2017-07-06 16:34:42.469726,AWE2067,118.6335,-8.51408,2017-07-06T20:34:19.247Z0:0,2398.4712,35.5524,-80.5923
2017-07-06 16:34:47.660342,AWE2067,118.6335,-8.51408,2017-07-06T20:34:19.247Z0:0,2398.4712,35.5524,-80.5923
2017-07-06 16:34:52.825706,AWE2067,118.6335,-8.51408,2017-07-06T20:34:19.247Z0:0,2398.4712,35.5524,-80.5923
2017-07-06 16:34:57.973412,AWE2067,118.6335,-8.51408,2017-07-06T20:34:19.247Z0:0,2398.4712,35.5524,-80.5923
2017-07-06 16:35:03.130381,AWE2067,118.6335,-8.51408,2017-07-06T20:34:19.247Z0:0,2398.4712,35.5524,-80.5923
2017-07-06 16:35:08.281721,AWE2067,118.6335,-8.51408,2017-07-06T20:34:19.247Z0:0,2398.4712,35.5524,-80.5923
2017-07-06 16:35:13.428761,AWE2067,118.6335,-8.51408,2017-07-06T20:34:19.247Z0:0,2398.4712,35.5524,-80.5923
2017-07-06 16:35:18.592527,AWE2067,118.6335,-8.51408,2017-07-06T20:34:19.247Z0:0,2398.4712,35.5524,-80.5923
2017-07-06 16:35:23.741485,AWE2067,118.6335,-8.51408,2017-07-06T20:34:19.247Z0:0,2398.4712,35.5524,-80.5923
2017-07-06 16:35:28.915739,AWE2067,118.6335,-8.51408,2017-07-06T20:34:19.247Z0:0,2398.4712,35.5524,-80.5923
2017-07-06 16:35:34.076086,AWE2067,118.6335,-8.51408,2017-07-06T20:34:19.247Z0:0,2398.4712,35.5524,-80.5923
2017-07-06 16:35:39.227122,AWE2067,115.4828,-6.67512,2017-07-06T20:35:19.845Z0:0,1909.572,35.4941,-80.6245
2017-07-06 16:35:44.381145,AWE2067,115.4828,-6.67512,2017-07-06T20:35:19.845Z0:0,1909.572,35.4941,-80.6245
2017-07-06 16:35:49.533190,AWE2067,115.4828,-6.67512,2017-07-06T20:35:19.845Z0:0,1909.572,35.4941,-80.6245
2017-07-06 16:35:54.688853,AWE2067,115.4828,-6.67512,2017-07-06T20:35:19.845Z0:0,1909.572,35.4941,-80.6245
2017-07-06 16:35:59.851356,AWE2067,115.4828,-6.67512,2017-07-06T20:35:19.845Z0:0,1909.572,35.4941,-80.6245
2017-07-06 16:36:05.114983,AWE2067,115.4828,-6.67512,2017-07-06T20:35:19.845Z0:0,1909.572,35.4941,-80.6245
2017-07-06 16:36:10.266384,AWE2067,115.4828,-6.67512,2017-07-06T20:35:19.845Z0:0,1909.572,35.4941,-80.6245
2017-07-06 16:36:15.429920,AWE2067,115.4828,-6.67512,2017-07-06T20:35:19.845Z0:0,1909.572,35.4941,-80.6245
2017-07-06 16:36:20.572409,AWE2067,115.4828,-6.67512,2017-07-06T20:35:19.845Z0:0,1909.572,35.4941,-80.6245
2017-07-06 16:36:25.720741,AWE2067,115.4828,-6.67512,2017-07-06T20:35:19.845Z0:0,1909.572,35.4941,-80.6245
2017-07-06 16:36:30.880757,AWE2067,115.4828,-6.67512,2017-07-06T20:35:19.845Z0:0,1909.572,35.4941,-80.6245
2017-07-06 16:36:36.110316,AWE2067,116.2544,0.67056,2017-07-06T20:36:20.443Z0:0,1800.7584,35.4357,-80.6561
2017-07-06 16:36:41.257481,AWE2067,116.2544,0.67056,2017-07-06T20:36:20.443Z0:0,1800.7584,35.4357,-80.6561
2017-07-06 16:36:46.403872,AWE2067,116.2544,0.67056,2017-07-06T20:36:20.443Z0:0,1800.7584,35.4357,-80.6561
2017-07-06 16:36:51.594761,AWE2067,116.2544,0.67056,2017-07-06T20:36:20.443Z0:0,1800.7584,35.4357,-80.6561
2017-07-06 16:36:56.742496,AWE2067,116.2544,0.67056,2017-07-06T20:36:20.443Z0:0,1800.7584,35.4357,-80.6561
2017-07-06 16:37:01.894958,AWE2067,116.2544,0.67056,2017-07-06T20:36:20.443Z0:0,1800.7584,35.4357,-80.6561
2017-07-06 16:37:07.054205,AWE2067,116.2544,0.67056,2017-07-06T20:36:20.443Z0:0,1800.7584,35.4357,-80.6561
2017-07-06 16:37:12.204683,AWE2067,116.2544,0.67056,2017-07-06T20:36:20.443Z0:0,1800.7584,35.4357,-80.6561
2017-07-06 16:37:17.359548,AWE2067,116.2544,0.67056,2017-07-06T20:36:20.443Z0:0,1800.7584,35.4357,-80.6561
2017-07-06 16:37:22.508602,AWE2067,116.2544,0.67056,2017-07-06T20:36:20.443Z0:0,1800.7584,35.4357,-80.6561
2017-07-06 16:37:27.668740,AWE2067,116.2544,0.67056,2017-07-06T20:36:20.443Z0:0,1800.7584,35.4357,-80.6561
2017-07-06 16:37:32.814344,AWE2067,116.2544,0.67056,2017-07-06T20:36:20.443Z0:0,1800.7584,35.4357,-80.6561
2017-07-06 16:37:37.961712,AWE2067,106.6737,-5.1816,2017-07-06T20:37:21.112Z0:0,1594.104,35.3897,-80.7049
2017-07-06 16:37:43.106686,AWE2067,106.6737,-5.1816,2017-07-06T20:37:21.112Z0:0,1594.104,35.3897,-80.7049
2017-07-06 16:37:48.266234,AWE2067,106.6737,-5.1816,2017-07-06T20:37:21.112Z0:0,1594.104,35.3897,-80.7049
2017-07-06 16:37:53.425099,AWE2067,106.6737,-5.1816,2017-07-06T20:37:21.112Z0:0,1594.104,35.3897,-80.7049
2017-07-06 16:37:58.573781,AWE2067,106.6737,-5.1816,2017-07-06T20:37:21.112Z0:0,1594.104,35.3897,-80.7049
2017-07-06 16:38:03.755049,AWE2067,106.6737,-5.1816,2017-07-06T20:37:21.112Z0:0,1594.104,35.3897,-80.7049
2017-07-06 16:38:08.907873,AWE2067,106.6737,-5.1816,2017-07-06T20:37:21.112Z0:0,1594.104,35.3897,-80.7049
2017-07-06 16:38:14.064421,AWE2067,106.6737,-5.1816,2017-07-06T20:37:21.112Z0:0,1594.104,35.3897,-80.7049
2017-07-06 16:38:19.210706,AWE2067,106.6737,-5.1816,2017-07-06T20:37:21.112Z0:0,1594.104,35.3897,-80.7049
2017-07-06 16:38:24.358260,AWE2067,106.6737,-5.1816,2017-07-06T20:37:21.112Z0:0,1594.104,35.3897,-80.7049
2017-07-06 16:38:29.509963,AWE2067,106.6737,-5.1816,2017-07-06T20:37:21.112Z0:0,1594.104,35.3897,-80.7049
2017-07-06 16:38:34.681760,AWE2067,106.6737,-5.1816,2017-07-06T20:37:21.112Z0:0,1594.104,35.3897,-80.7049
2017-07-06 16:38:39.825820,AWE2067,97.285904,-4.40944,2017-07-06T20:38:21.732Z0:0,1239.012,35.3513,-80.7591
2017-07-06 16:38:44.975269,AWE2067,97.285904,-4.40944,2017-07-06T20:38:21.732Z0:0,1239.012,35.3513,-80.7591
2017-07-06 16:38:50.130008,AWE2067,97.285904,-4.40944,2017-07-06T20:38:21.732Z0:0,1239.012,35.3513,-80.7591
2017-07-06 16:38:55.276454,AWE2067,97.285904,-4.40944,2017-07-06T20:38:21.732Z0:0,1239.012,35.3513,-80.7591
2017-07-06 16:39:00.601399,AWE2067,97.285904,-4.40944,2017-07-06T20:38:21.732Z0:0,1239.012,35.3513,-80.7591
2017-07-06 16:39:05.811160,AWE2067,97.285904,-4.40944,2017-07-06T20:38:21.732Z0:0,1239.012,35.3513,-80.7591
2017-07-06 16:39:10.986681,AWE2067,97.285904,-4.40944,2017-07-06T20:38:21.732Z0:0,1239.012,35.3513,-80.7591
2017-07-06 16:39:16.136401,AWE2067,97.285904,-4.40944,2017-07-06T20:38:21.732Z0:0,1239.012,35.3513,-80.7591
2017-07-06 16:39:21.307281,AWE2067,97.285904,-4.40944,2017-07-06T20:38:21.732Z0:0,1239.012,35.3513,-80.7591
2017-07-06 16:39:26.480798,AWE2067,97.285904,-4.40944,2017-07-06T20:38:21.732Z0:0,1239.012,35.3513,-80.7591
2017-07-06 16:39:31.735578,AWE2067,97.285904,-4.40944,2017-07-06T20:38:21.732Z0:0,1239.012,35.3513,-80.7591
2017-07-06 16:39:36.884722,AWE2067,85.8405,-4.35864,2017-07-06T20:39:22.278Z0:0,990.2952,35.3204,-80.801
2017-07-06 16:39:42.033234,AWE2067,85.8405,-4.35864,2017-07-06T20:39:22.278Z0:0,990.2952,35.3204,-80.801
2017-07-06 16:39:47.236793,AWE2067,85.8405,-4.35864,2017-07-06T20:39:22.278Z0:0,990.2952,35.3204,-80.801
2017-07-06 16:39:52.398286,AWE2067,85.8405,-4.35864,2017-07-06T20:39:22.278Z0:0,990.2952,35.3204,-80.801
2017-07-06 16:39:57.542573,AWE2067,85.8405,-4.35864,2017-07-06T20:39:22.278Z0:0,990.2952,35.3204,-80.801
2017-07-06 16:40:02.718537,AWE2067,85.8405,-4.35864,2017-07-06T20:39:22.278Z0:0,990.2952,35.3204,-80.801
2017-07-06 16:40:07.886712,AWE2067,85.8405,-4.35864,2017-07-06T20:39:22.278Z0:0,990.2952,35.3204,-80.801
2017-07-06 16:40:13.075130,AWE2067,85.8405,-4.35864,2017-07-06T20:39:22.278Z0:0,990.2952,35.3204,-80.801
2017-07-06 16:40:18.234141,AWE2067,85.8405,-4.35864,2017-07-06T20:39:22.278Z0:0,990.2952,35.3204,-80.801
2017-07-06 16:40:23.393378,AWE2067,85.8405,-4.35864,2017-07-06T20:39:22.278Z0:0,990.2952,35.3204,-80.801
2017-07-06 16:40:28.560748,AWE2067,85.8405,-4.35864,2017-07-06T20:39:22.278Z0:0,990.2952,35.3204,-80.801
2017-07-06 16:40:33.714952,AWE2067,85.8405,-4.35864,2017-07-06T20:39:22.278Z0:0,990.2952,35.3204,-80.801
2017-07-06 16:40:38.873381,AWE2067,82.1111,-4.19608,2017-07-06T20:40:22.895Z0:0,738.2256,35.2895,-80.8443
2017-07-06 16:40:44.024747,AWE2067,82.1111,-4.19608,2017-07-06T20:40:22.895Z0:0,738.2256,35.2895,-80.8443
2017-07-06 16:40:49.177261,AWE2067,82.1111,-4.19608,2017-07-06T20:40:22.895Z0:0,738.2256,35.2895,-80.8443
2017-07-06 16:40:54.314628,AWE2067,82.1111,-4.19608,2017-07-06T20:40:22.895Z0:0,738.2256,35.2895,-80.8443
2017-07-06 16:40:59.459513,AWE2067,82.1111,-4.19608,2017-07-06T20:40:22.895Z0:0,738.2256,35.2895,-80.8443
2017-07-06 16:41:04.761487,AWE2067,82.1111,-4.19608,2017-07-06T20:40:22.895Z0:0,738.2256,35.2895,-80.8443
2017-07-06 16:41:09.910983,AWE2067,82.1111,-4.19608,2017-07-06T20:40:22.895Z0:0,738.2256,35.2895,-80.8443
2017-07-06 16:41:15.771239,AWE2067,82.1111,-4.19608,2017-07-06T20:40:22.895Z0:0,738.2256,35.2895,-80.8443
2017-07-06 16:41:20.921032,AWE2067,82.1111,-4.19608,2017-07-06T20:40:22.895Z0:0,738.2256,35.2895,-80.8443
2017-07-06 16:41:26.075232,AWE2067,82.1111,-4.19608,2017-07-06T20:40:22.895Z0:0,738.2256,35.2895,-80.8443
2017-07-06 16:41:31.226339,AWE2067,82.1111,-4.19608,2017-07-06T20:40:22.895Z0:0,738.2256,35.2895,-80.8443
2017-07-06 16:41:36.383571,AWE2067,68.093704,-2.62128,2017-07-06T20:41:23.492Z0:0,519.0744,35.2627,-80.8807
2017-07-06 16:41:41.530175,AWE2067,68.093704,-2.62128,2017-07-06T20:41:23.492Z0:0,519.0744,35.2627,-80.8807
2017-07-06 16:41:46.678801,AWE2067,68.093704,-2.62128,2017-07-06T20:41:23.492Z0:0,519.0744,35.2627,-80.8807
2017-07-06 16:41:51.826499,AWE2067,68.093704,-2.62128,2017-07-06T20:41:23.492Z0:0,519.0744,35.2627,-80.8807
2017-07-06 16:41:56.971164,AWE2067,68.093704,-2.62128,2017-07-06T20:41:23.492Z0:0,519.0744,35.2627,-80.8807
2017-07-06 16:42:02.127198,AWE2067,68.093704,-2.62128,2017-07-06T20:41:23.492Z0:0,519.0744,35.2627,-80.8807
2017-07-06 16:42:07.312909,AWE2067,68.093704,-2.62128,2017-07-06T20:41:23.492Z0:0,519.0744,35.2627,-80.8807
2017-07-06 16:42:12.467936,AWE2067,68.093704,-2.62128,2017-07-06T20:41:23.492Z0:0,519.0744,35.2627,-80.8807
2017-07-06 16:42:17.617394,AWE2067,68.093704,-2.62128,2017-07-06T20:41:23.492Z0:0,519.0744,35.2627,-80.8807
2017-07-06 16:42:22.762086,AWE2067,68.093704,-2.62128,2017-07-06T20:41:23.492Z0:0,519.0744,35.2627,-80.8807
2017-07-06 16:42:27.918803,AWE2067,68.093704,-2.62128,2017-07-06T20:41:23.492Z0:0,519.0744,35.2627,-80.8807
2017-07-06 16:42:33.076996,AWE2067,68.093704,-2.62128,2017-07-06T20:41:23.492Z0:0,519.0744,35.2627,-80.8807
2017-07-06 16:42:38.225882,AWE2067,69.444,-4.71424,2017-07-06T20:42:24.50Z0:0,323.088,35.238,-80.915
2017-07-06 16:42:43.368389,AWE2067,69.444,-4.71424,2017-07-06T20:42:24.50Z0:0,323.088,35.238,-80.915
2017-07-06 16:42:48.566942,AWE2067,69.444,-4.71424,2017-07-06T20:42:24.50Z0:0,323.088,35.238,-80.915
2017-07-06 16:42:53.715395,AWE2067,69.444,-4.71424,2017-07-06T20:42:24.50Z0:0,323.088,35.238,-80.915
2017-07-06 16:42:58.888627,AWE2067,69.444,-4.71424,2017-07-06T20:42:24.50Z0:0,323.088,35.238,-80.915
2017-07-06 16:43:04.055489,AWE2067,69.444,-4.71424,2017-07-06T20:42:24.50Z0:0,323.088,35.238,-80.915
2017-07-06 16:43:09.220149,AWE2067,69.444,-4.71424,2017-07-06T20:42:24.50Z0:0,323.088,35.238,-80.915
2017-07-06 16:43:15.115419,AWE2067,69.444,-4.71424,2017-07-06T20:42:24.50Z0:0,323.088,35.238,-80.915
2017-07-06 16:43:20.262511,AWE2067,69.444,-4.71424,2017-07-06T20:42:24.50Z0:0,323.088,35.238,-80.915
2017-07-06 16:43:25.422059,AWE2067,69.444,-4.71424,2017-07-06T20:42:24.50Z0:0,323.088,35.238,-80.915
2017-07-06 16:43:30.570761,AWE2067,69.444,-4.71424,2017-07-06T20:42:24.50Z0:0,323.088,35.238,-80.915
2017-07-06 16:43:35.716950,AWE2067,6.8801003,-0.26416,2017-07-06T20:43:24.651Z0:0,193.24321,35.2167,-80.9445
2017-07-06 16:43:40.869478,AWE2067,6.8801003,-0.26416,2017-07-06T20:43:24.651Z0:0,193.24321,35.2167,-80.9445
2017-07-06 16:43:46.028612,AWE2067,6.8801003,-0.26416,2017-07-06T20:43:24.651Z0:0,193.24321,35.2167,-80.9445
